data;concorso;numero1;numero2;numero3;numero4;numero5;numero6;jolly;superstar
19971203;1;20;36;39;41;72;76;88;
19971206;2;2;4;25;29;30;52;24;
19971210;3;1;2;14;23;78;88;40;
19971213;4;5;22;34;61;62;77;58;
19971217;5;10;65;77;80;81;86;89;
19971220;6;3;27;48;58;78;90;45;
19971224;7;13;59;63;75;85;87;52;
19971227;8;8;26;35;43;55;67;69;
19971231;9;34;36;71;76;86;89;82;
19980103;1;2;29;36;72;82;90;71;
19980107;2;20;23;24;29;66;73;30;
19980110;3;24;33;37;40;60;86;32;
19980114;4;16;37;49;52;53;82;57;
19980117;5;29;37;49;51;55;74;86;
19980121;6;22;25;26;49;59;85;62;
19980124;7;3;4;39;43;56;81;82;
19980128;8;2;3;49;51;63;79;43;
19980131;9;6;13;26;33;34;78;65;
19980204;10;18;23;24;35;48;82;38;
19980207;11;8;9;23;34;64;89;1;
19980211;12;2;15;63;65;68;78;71;
19980214;13;37;40;46;51;58;66;84;
19980218;14;10;12;29;41;45;50;52;
19980221;15;4;19;47;60;73;84;58;
19980225;16;1;27;40;81;82;85;6;
19980228;17;13;68;75;79;87;88;90;
19980304;18;28;36;59;79;84;88;7;
19980307;19;2;12;57;62;64;71;56;
19980311;20;3;23;25;44;74;89;76;
19980314;21;16;33;42;86;88;89;43;
19980318;22;1;5;17;38;61;71;70;
19980321;23;17;30;38;51;77;80;33;
19980325;24;5;6;17;55;62;73;38;
19980328;25;16;40;50;58;62;63;5;
19980401;26;17;31;42;43;55;72;64;
19980404;27;1;7;21;49;84;87;77;
19980408;28;4;7;22;27;39;88;14;
19980411;29;23;58;64;67;79;81;14;
19980415;30;4;5;46;47;73;82;62;
19980418;31;17;38;47;56;76;85;26;
19980422;32;5;22;40;46;86;87;13;
19980427;33;18;36;62;63;76;80;64;
19980429;34;15;23;27;29;50;69;54;
19980502;35;6;12;23;28;77;79;73;
19980506;36;5;28;33;64;81;84;67;
19980509;37;5;19;43;44;73;77;39;
19980513;38;6;15;41;57;81;83;74;
19980516;39;7;19;25;68;71;85;46;
19980520;40;5;13;22;25;43;50;45;
19980523;41;7;12;24;37;58;81;10;
19980527;42;36;48;56;65;71;73;38;
19980530;43;4;11;29;34;86;88;59;
19980603;44;48;50;80;81;84;87;42;
19980606;45;13;18;22;56;67;72;65;
19980610;46;5;14;17;38;64;68;83;
19980613;47;13;26;30;34;83;86;64;
19980617;48;10;16;35;39;64;65;70;
19980620;49;20;24;39;63;65;70;36;
19980624;50;19;43;59;60;67;79;10;
19980627;51;2;16;38;40;44;57;28;
19980701;52;25;33;37;47;48;79;29;
19980704;53;29;42;49;52;53;67;55;
19980708;54;5;20;24;48;78;80;6;
19980711;55;15;16;17;57;60;63;28;
19980715;56;12;32;48;68;70;85;7;
19980718;57;1;36;42;71;72;88;90;
19980722;58;56;71;75;78;81;85;8;
19980725;59;25;37;54;63;70;76;7;
19980729;60;25;60;62;68;83;89;88;
19980801;61;5;14;37;38;50;72;90;
19980805;62;7;24;40;56;79;85;90;
19980808;63;12;27;31;32;57;83;42;
19980812;64;31;33;61;77;86;88;16;
19980817;65;4;47;53;55;71;73;80;
19980819;66;6;15;16;50;62;82;4;
19980822;67;10;36;48;63;83;90;32;
19980826;68;10;40;66;72;76;80;61;
19980829;69;12;19;22;53;72;88;34;
19980902;70;1;43;45;48;83;90;14;
19980905;71;15;16;20;23;24;87;77;
19980909;72;10;25;56;68;71;77;3;
19980912;73;14;37;48;55;84;87;23;
19980916;74;22;26;29;37;75;76;36;
19980919;75;3;33;45;57;78;80;65;
19980923;76;7;9;31;41;67;68;22;
19980926;77;28;31;40;67;74;90;61;
19980930;78;20;34;44;61;74;87;25;
19981003;79;2;9;13;34;46;63;85;
19981007;80;6;13;17;49;51;83;76;
19981010;81;42;43;46;49;52;76;48;
19981014;82;15;28;42;55;76;88;74;
19981017;83;10;13;50;59;64;78;23;
19981021;84;14;39;50;56;72;89;29;
19981024;85;4;26;27;74;77;84;20;
19981028;86;37;60;64;73;80;84;2;
19981031;87;1;21;30;61;73;84;74;
19981104;88;6;54;72;75;81;87;55;
19981107;89;15;19;25;33;40;68;81;
19981111;90;19;38;60;80;81;90;10;
19981114;91;6;31;69;70;76;85;44;
19981118;92;12;18;43;47;50;83;53;
19981121;93;32;36;43;56;66;89;8;
19981125;94;32;39;52;56;69;85;53;
19981128;95;12;15;40;50;66;88;70;
19981202;96;9;23;36;66;67;77;87;
19981205;97;27;35;47;48;59;79;77;
19981209;98;1;11;42;43;61;81;29;
19981212;99;9;37;39;40;42;86;2;
19981216;100;22;43;56;71;77;83;35;
19981219;101;3;6;13;28;49;50;33;
19981223;102;3;9;14;26;47;79;81;
19981228;103;14;43;46;65;71;82;22;
19981230;104;30;36;45;49;63;89;46;
19990102;1;10;12;54;58;72;88;23;
19990107;2;34;43;44;45;53;58;64;
19990109;3;1;6;13;23;53;77;20;
19990113;4;18;23;45;51;61;86;29;
19990116;5;7;9;12;37;86;90;87;
19990120;6;1;43;45;48;51;56;18;
19990123;7;36;45;46;47;74;75;69;
19990127;8;8;48;65;72;83;88;67;
19990130;9;14;20;40;58;68;84;88;
19990203;10;45;67;70;80;81;89;3;
19990206;11;9;10;26;30;44;54;62;
19990210;12;4;8;12;17;19;80;84;
19990213;13;12;20;23;34;67;87;46;
19990217;14;24;45;49;63;78;83;4;
19990220;15;4;26;59;63;69;74;86;
19990224;16;17;19;32;41;52;87;23;
19990227;17;6;7;42;55;75;88;67;
19990303;18;40;41;51;62;66;80;77;
19990306;19;27;41;44;50;68;73;21;
19990310;20;11;20;56;69;72;76;32;
19990313;21;6;18;20;34;72;90;17;
19990317;22;3;7;14;45;68;70;39;
19990320;23;43;71;80;84;88;89;73;
19990324;24;4;26;34;61;76;81;67;
19990327;25;7;18;27;80;81;83;87;
19990331;26;25;60;64;71;75;85;18;
19990403;27;33;41;47;48;60;80;17;
19990407;28;13;27;40;46;70;84;28;
19990410;29;4;11;14;17;25;32;61;
19990414;30;34;63;70;77;83;90;43;
19990417;31;4;6;25;32;73;83;64;
19990421;32;20;53;55;61;64;74;46;
19990424;33;20;22;33;44;50;74;60;
19990428;34;1;51;53;55;73;86;41;
19990503;35;8;49;50;65;66;69;75;
19990505;36;3;10;28;71;81;88;84;
19990508;37;11;14;15;30;68;81;82;
19990512;38;3;7;10;37;57;86;49;
19990515;39;7;33;54;72;73;90;24;
19990519;40;10;23;35;64;74;90;52;
19990522;41;3;28;38;43;73;75;1;
19990526;42;3;4;13;16;59;70;22;
19990529;43;10;34;44;49;62;79;47;
19990602;44;2;16;17;65;69;72;60;
19990605;45;9;36;52;76;77;90;47;
19990609;46;16;32;35;45;72;77;6;
19990612;47;32;35;57;74;79;84;70;
19990616;48;5;20;29;41;56;86;81;
19990619;49;13;23;31;58;67;68;22;
19990623;50;31;36;37;71;86;90;13;
19990626;51;8;19;23;37;65;77;48;
19990630;52;13;22;44;74;77;87;76;
19990703;53;3;6;7;53;65;90;14;
19990707;54;38;46;63;82;83;87;1;
19990710;55;1;4;42;67;75;77;31;
19990714;56;4;48;60;63;84;88;62;
19990717;57;5;22;35;38;74;82;36;
19990721;58;11;19;26;58;67;89;1;
19990724;59;13;16;23;52;67;78;76;
19990728;60;13;64;68;84;89;90;85;
19990731;61;5;34;44;73;77;83;65;
19990804;62;12;23;46;54;78;90;85;
19990807;63;4;16;29;58;69;88;54;
19990811;64;10;19;24;29;42;67;39;
19990814;65;45;64;73;80;81;85;11;
19990818;66;13;16;51;56;65;67;35;
19990821;67;1;32;37;63;67;69;90;
19990825;68;1;25;28;39;51;89;62;
19990828;69;7;12;14;16;24;45;54;
19990901;70;5;19;26;32;67;87;65;
19990904;71;38;40;41;69;76;81;78;
19990908;72;15;38;48;74;75;80;81;
19990911;73;25;40;57;59;76;82;55;
19990915;74;17;20;27;29;72;73;85;
19990918;75;12;15;33;60;79;88;8;
19990922;76;1;11;40;50;53;80;68;
19990925;77;6;27;37;38;47;79;23;
19990929;78;4;16;27;55;67;72;3;
19991002;79;6;10;38;48;49;65;61;
19991006;80;38;58;61;64;82;87;68;
19991009;81;12;35;40;59;78;80;44;
19991013;82;6;24;30;34;37;71;82;
19991016;83;3;35;45;47;54;70;30;
19991020;84;22;26;58;60;67;88;49;
19991023;85;24;46;57;73;79;81;77;
19991027;86;6;25;34;72;76;82;12;
19991030;87;16;21;29;39;70;90;76;
19991103;88;19;42;64;68;72;86;45;
19991106;89;6;7;37;67;80;87;22;
19991110;90;21;45;55;61;73;80;77;
19991113;91;3;23;61;82;83;88;64;
19991117;92;6;51;73;78;80;81;34;
19991120;93;20;31;45;62;76;81;51;
19991124;94;12;16;24;48;53;58;85;
19991127;95;14;20;57;79;85;88;69;
19991201;96;1;13;24;39;44;45;83;
19991204;97;13;39;62;63;66;76;11;
19991209;98;20;32;37;44;75;88;72;
19991211;99;6;27;50;57;77;80;22;
19991215;100;18;21;28;35;41;85;66;
19991218;101;13;42;57;61;63;82;45;
19991222;102;6;9;32;47;59;60;83;
19991227;103;20;21;63;71;75;79;15;
19991229;104;14;15;20;42;70;88;28;
20000103;1;17;38;48;51;55;62;59;
20000105;2;2;13;31;37;38;82;39;
20000108;3;6;15;47;71;75;86;78;
20000112;4;3;15;48;74;76;81;34;
20000115;5;11;21;22;50;59;63;42;
20000119;6;20;29;39;54;57;71;28;
20000122;7;15;21;55;60;70;90;34;
20000126;8;2;57;62;63;73;87;55;
20000129;9;55;65;68;70;73;80;89;
20000202;10;12;13;28;30;47;63;35;
20000205;11;17;48;52;64;86;87;60;
20000209;12;6;36;49;51;52;76;35;
20000212;13;4;33;67;71;81;82;72;
20000216;14;8;27;39;51;54;90;71;
20000219;15;25;28;37;51;54;81;4;
20000223;16;44;53;61;65;86;89;49;
20000226;17;4;35;48;57;69;90;34;
20000301;18;27;32;37;70;82;88;52;
20000304;19;7;19;29;33;40;88;80;
20000308;20;4;13;15;20;32;41;28;
20000311;21;28;42;46;56;74;87;43;
20000315;22;8;17;35;61;78;89;9;
20000318;23;8;58;76;81;85;87;65;
20000322;24;2;19;22;57;65;89;61;
20000325;25;15;27;47;51;62;63;20;
20000329;26;1;6;12;26;57;70;28;
20000401;27;3;9;30;58;60;88;37;
20000405;28;10;17;33;38;67;71;73;
20000408;29;3;12;26;47;54;87;90;
20000412;30;18;24;45;58;62;80;4;
20000415;31;2;27;33;47;53;86;65;
20000419;32;5;53;64;74;77;88;78;
20000422;33;24;35;39;48;82;85;66;
20000426;34;17;51;67;70;82;86;49;
20000429;35;8;42;45;59;68;88;9;
20000503;36;1;13;37;53;62;71;9;
20000506;37;23;26;34;56;66;85;44;
20000510;38;9;12;19;39;82;86;69;
20000513;39;32;38;40;59;62;79;2;
20000517;40;11;14;19;32;78;89;9;
20000520;41;19;32;41;42;67;77;79;
20000524;42;8;10;22;72;87;90;39;
20000527;43;3;25;39;50;53;67;51;
20000531;44;4;8;19;39;63;70;66;
20000603;45;6;17;31;33;43;66;78;
20000607;46;2;4;23;38;53;59;17;
20000610;47;3;16;37;56;58;79;18;
20000614;48;15;25;50;64;80;89;72;
20000617;49;29;32;35;49;69;71;70;
20000621;50;12;15;34;43;55;75;70;
20000624;51;1;28;52;53;63;77;11;
20000628;52;3;17;18;41;63;89;48;
20000701;53;19;39;43;48;62;76;5;
20000705;54;12;34;35;50;63;88;69;
20000708;55;4;6;8;41;76;80;60;
20000712;56;11;15;16;43;49;84;48;
20000715;57;5;18;24;51;55;74;17;
20000719;58;6;37;53;60;66;72;26;
20000722;59;10;13;42;54;66;81;1;
20000726;60;3;37;40;49;53;83;44;
20000729;61;29;31;56;57;76;79;43;
20000802;62;4;39;56;59;65;78;61;
20000805;63;23;36;56;78;80;83;40;
20000809;64;18;36;47;62;75;80;41;
20000812;65;9;19;52;68;70;74;88;
20000816;66;14;21;27;49;82;83;36;
20000819;67;5;30;32;35;55;87;86;
20000823;68;11;13;20;41;76;89;29;
20000826;69;4;14;15;19;76;85;89;
20000830;70;8;16;59;61;78;90;45;
20000902;71;28;44;49;57;64;89;87;
20000906;72;7;11;48;49;64;72;8;
20000909;73;3;6;10;26;43;72;89;
20000913;74;1;45;48;69;70;89;26;
20000916;75;8;9;17;37;49;86;30;
20000920;76;12;14;29;49;62;82;79;
20000923;77;12;51;56;73;85;88;25;
20000927;78;5;48;71;84;85;87;22;
20000930;79;25;35;52;55;60;68;75;
20001004;80;2;3;15;16;24;67;7;
20001007;81;8;10;16;21;39;65;2;
20001011;82;11;54;64;70;73;77;66;
20001014;83;24;35;37;63;81;85;25;
20001018;84;15;33;41;48;52;56;82;
20001021;85;1;10;23;40;68;75;14;
20001025;86;2;38;39;41;61;76;21;
20001028;87;6;21;29;43;80;89;5;
20001102;88;2;55;76;78;81;85;71;
20001104;89;19;21;28;50;53;62;64;
20001108;90;22;42;50;53;78;83;40;
20001111;91;9;27;45;66;68;71;83;
20001115;92;1;25;26;28;53;79;73;
20001118;93;3;21;42;49;64;85;66;
20001122;94;14;25;39;50;72;89;59;
20001125;95;3;14;49;52;65;81;42;
20001129;96;13;17;29;32;35;49;56;
20001202;97;6;11;17;18;20;59;55;
20001206;98;9;16;48;70;75;77;64;
20001209;99;39;55;62;77;82;88;78;
20001213;100;8;54;62;63;66;84;45;
20001216;101;23;33;36;55;76;79;44;
20001220;102;26;36;43;47;64;90;23;
20001223;103;11;33;59;68;84;85;62;
20001227;104;1;5;14;20;39;58;76;
20001230;105;1;8;26;33;47;70;72;
20010103;1;15;25;26;33;41;62;51;
20010108;2;16;19;61;69;72;84;59;
20010110;3;8;14;30;31;35;76;75;
20010113;4;44;50;57;81;83;90;5;
20010117;5;16;22;35;41;53;62;71;
20010120;6;14;25;28;42;82;90;31;
20010124;7;29;42;56;65;80;90;78;
20010127;8;2;6;18;20;49;83;15;
20010131;9;28;46;65;70;77;86;53;
20010203;10;2;8;13;39;47;89;33;
20010207;11;4;23;56;63;71;89;84;
20010210;12;4;36;41;49;56;82;62;
20010214;13;15;22;38;62;83;86;57;
20010217;14;9;17;30;37;40;46;74;
20010221;15;6;28;46;55;56;62;64;
20010224;16;25;26;75;78;79;80;56;
20010228;17;33;43;59;77;83;86;12;
20010303;18;5;13;18;40;51;56;82;
20010307;19;32;34;40;45;65;71;89;
20010310;20;18;39;61;68;74;75;22;
20010314;21;28;35;36;62;66;70;67;
20010317;22;8;19;46;49;73;85;72;
20010321;23;39;43;56;61;65;81;28;
20010324;24;2;8;24;36;80;84;79;
20010328;25;11;39;63;64;74;88;28;
20010331;26;12;14;17;32;50;58;13;
20010404;27;2;23;48;57;63;89;11;
20010407;28;5;12;40;61;63;88;31;
20010411;29;11;41;52;71;81;89;38;
20010414;30;10;11;64;74;82;88;33;
20010418;31;10;26;32;41;42;54;31;
20010421;32;2;7;12;31;38;71;63;
20010426;33;4;22;27;45;58;86;55;
20010428;34;2;14;32;43;44;55;12;
20010502;35;2;45;59;70;75;82;26;
20010505;36;9;22;26;67;71;89;36;
20010509;37;7;30;47;76;83;89;11;
20010512;38;3;32;37;42;4;89;57;
20010516;39;13;15;18;49;65;73;67;
20010519;40;6;36;52;68;80;81;87;
20010523;41;8;39;55;56;57;63;45;
20010526;42;5;26;37;43;45;64;54;
20010530;43;11;18;42;44;45;83;7;
20010602;44;36;48;70;77;82;88;37;
20010606;45;7;18;44;48;51;63;73;
20010609;46;4;18;24;29;41;59;40;
20010613;47;58;61;70;78;84;8;83;
20010616;48;7;12;19;21;60;81;4;
20010620;49;25;32;34;54;64;83;56;
20010623;50;4;15;22;34;77;87;81;
20010627;51;16;20;27;31;32;77;14;
20010630;52;22;31;45;68;84;88;54;
20010704;53;13;29;40;61;73;81;4;
20010707;54;10;50;53;78;82;86;90;
20010711;55;7;10;23;33;68;85;30;
20010714;56;1;31;44;59;64;77;53;
20010718;57;4;22;37;43;63;80;46;
20010721;58;3;9;35;65;80;84;26;
20010725;59;39;56;64;75;76;90;53;
20010728;60;27;31;34;47;58;75;62;
20010801;61;5;39;43;53;63;82;33;
20010804;62;5;22;49;63;65;66;76;
20010808;63;1;8;14;27;83;87;5;
20010811;64;21;25;31;44;49;52;61;
20010816;65;7;58;61;62;73;74;79;
20010818;66;6;7;14;53;54;85;3;
20010822;67;10;12;38;57;72;84;11;
20010825;68;1;9;27;36;68;70;85;
20010829;69;5;11;44;57;86;90;39;
20010901;70;10;11;16;45;46;55;31;
20010905;71;8;43;53;69;74;79;75;
20010908;72;12;25;49;53;67;73;37;
20010912;73;3;5;10;32;44;75;49;
20010915;74;2;14;38;53;56;71;48;
20010919;75;10;21;30;45;55;57;64;
20010922;76;22;26;27;28;72;73;1;
20010926;77;14;62;69;70;86;88;9;
20010929;78;3;4;7;55;61;77;75;
20011003;79;14;42;45;49;71;86;72;
20011006;80;3;11;43;50;85;88;45;
20011010;81;14;35;37;52;66;72;12;
20011013;82;13;28;45;58;70;86;60;
20011017;83;18;49;60;64;80;84;79;
20011020;84;16;19;20;30;31;47;83;
20011024;85;12;23;48;70;85;86;78;
20011027;86;25;32;36;46;57;58;73;
20011031;87;5;11;17;21;28;63;50;
20011103;88;7;24;30;59;66;89;74;
20011107;89;8;10;23;35;40;46;9;
20011110;90;1;34;42;50;70;72;11;
20011114;91;3;4;16;36;74;89;40;
20011117;92;1;7;10;23;66;88;18;
20011121;93;14;53;55;65;83;87;74;
20011124;94;6;7;16;51;62;83;36;
20011128;95;21;32;35;40;66;83;50;
20011201;96;32;48;50;55;58;86;4;
20011205;97;14;32;47;48;63;79;46;
20011210;98;5;19;40;51;85;87;88;
20011212;99;4;14;20;61;75;78;56;
20011215;100;1;14;68;70;75;83;89;
20011219;101;19;25;49;53;81;84;64;
20011222;102;3;21;32;48;59;68;18;
20011227;103;20;21;26;53;80;90;4;
20011229;104;24;26;49;53;68;83;29;
20011231;105;41;51;54;63;66;69;35;
20020102;1;23;31;33;39;74;84;45;
20020105;2;50;52;54;76;77;86;64;
20020109;3;15;30;37;52;61;87;10;
20020112;4;12;26;45;75;82;84;33;
20020116;5;3;13;20;35;46;58;71;
20020119;6;15;19;30;46;47;71;72;
20020123;7;12;41;52;55;84;85;45;
20020126;8;25;33;41;51;66;76;28;
20020130;9;3;6;34;49;79;83;32;
20020202;10;21;28;60;68;71;88;89;
20020206;11;29;37;53;62;79;85;51;
20020209;12;9;35;45;77;85;87;72;
20020213;13;14;39;53;55;73;87;3;
20020216;14;6;36;37;59;61;62;38;
20020220;15;1;61;66;70;78;81;85;
20020223;16;14;17;56;59;69;88;13;
20020227;17;29;33;40;47;54;87;27;
20020302;18;19;26;28;45;86;88;79;
20020306;19;5;6;32;61;67;85;35;
20020309;20;44;56;57;76;86;88;19;
20020313;21;20;40;64;68;76;90;59;
20020316;22;5;30;34;50;82;84;28;
20020320;23;15;35;42;45;55;77;43;
20020323;24;1;29;35;38;45;51;86;
20020327;25;3;11;16;38;69;82;17;
20020330;26;30;56;57;73;82;84;41;
20020403;27;15;37;40;47;64;81;49;
20020406;28;19;23;29;44;69;89;60;
20020410;29;2;28;43;57;79;90;15;
20020413;30;18;21;76;79;80;84;57;
20020417;31;24;27;35;43;64;88;8;
20020420;32;19;42;45;51;62;88;18;
20020424;33;27;42;45;62;74;87;2;
20020427;34;21;37;41;45;60;71;23;
20020502;35;7;15;17;26;36;54;10;
20020504;36;1;6;60;61;69;86;3;
20020508;37;25;55;57;67;69;86;2;
20020511;38;10;17;51;54;62;65;81;
20020515;39;23;26;34;35;71;84;53;
20020518;40;13;28;31;58;59;79;45;
20020522;41;12;26;27;42;66;89;41;
20020525;42;40;46;49;62;77;88;2;
20020529;43;21;36;38;72;79;82;25;
20020601;44;38;50;58;80;85;90;84;
20020605;45;4;41;43;51;85;89;64;
20020608;46;1;38;70;75;83;86;52;
20020612;47;37;51;58;62;63;86;78;
20020615;48;8;16;33;64;71;86;90;
20020619;49;22;24;30;58;60;89;26;
20020622;50;16;37;42;46;60;64;11;
20020626;51;9;11;17;38;81;88;46;
20020629;52;1;4;50;66;69;77;42;
20020703;53;14;21;34;37;66;73;74;
20020706;54;3;15;28;76;83;86;56;
20020710;55;19;37;50;73;75;85;61;
20020713;56;21;38;63;70;71;83;7;
20020717;57;17;20;44;57;71;76;14;
20020720;58;11;19;57;63;84;89;35;
20020724;59;5;17;44;62;80;88;69;
20020727;60;11;20;24;31;40;49;88;
20020731;61;8;12;36;62;68;81;51;
20020803;62;23;26;32;52;71;75;35;
20020807;63;7;8;53;72;82;84;22;
20020810;64;16;29;32;40;48;70;38;
20020814;65;5;7;20;25;38;59;63;
20020817;66;15;30;33;35;87;88;90;
20020821;67;17;23;33;44;46;69;7;
20020824;68;8;25;26;38;66;79;49;
20020828;69;1;7;42;49;77;88;46;
20020831;70;21;28;29;36;45;54;5;
20020904;71;10;41;52;53;61;88;89;
20020907;72;16;51;57;64;72;90;63;
20020911;73;16;23;55;83;86;89;9;
20020914;74;20;23;30;44;78;88;56;
20020918;75;11;18;55;77;81;85;58;
20020921;76;1;10;16;51;76;89;49;
20020925;77;23;50;54;56;78;83;65;
20020928;78;34;56;61;62;70;77;59;
20021002;79;14;18;54;63;70;87;74;
20021005;80;9;15;25;40;44;71;84;
20021009;81;21;22;52;59;65;76;40;
20021012;82;1;2;8;12;48;66;28;
20021016;83;10;27;37;57;66;78;9;
20021019;84;10;21;23;35;55;89;53;
20021023;85;40;43;46;57;77;82;47;
20021026;86;27;70;73;84;88;90;4;
20021030;87;13;15;36;78;82;86;67;
20021102;88;1;15;22;33;42;80;53;
20021106;89;11;13;25;59;61;87;77;
20021109;90;12;34;39;52;61;83;7;
20021113;91;5;44;45;53;73;89;41;
20021116;92;5;11;23;47;58;60;8;
20021120;93;18;26;44;51;63;90;68;
20021123;94;14;42;68;69;80;85;54;
20021127;95;10;16;20;26;48;56;63;
20021130;96;17;34;35;56;65;85;61;
20021203;97;4;5;11;26;34;36;72;
20021205;98;14;17;21;31;33;69;78;
20021207;99;6;17;23;55;56;68;41;
20021210;100;22;31;63;76;78;79;58;
20021212;101;3;8;21;33;46;86;37;
20021214;102;14;35;36;47;58;69;89;
20021217;103;5;27;30;31;34;86;87;
20021219;104;18;27;49;59;81;88;17;
20021221;105;2;27;52;65;70;82;90;
20021224;106;1;3;6;42;81;83;87;
20021227;107;33;41;49;50;73;87;27;
20021228;108;14;17;62;75;76;85;35;
20021231;109;24;31;37;45;71;81;72;
20030102;1;6;18;34;43;58;80;8;
20030104;2;16;17;26;28;37;85;55;
20030108;3;5;26;49;50;73;90;65;
20030111;4;11;12;27;39;67;90;34;
20030115;5;2;46;49;56;82;84;37;
20030118;6;50;62;70;75;82;90;74;
20030122;7;51;57;58;69;86;89;7;
20030125;8;33;37;41;56;65;82;10;
20030129;9;5;11;22;27;36;90;84;
20030201;10;14;24;40;56;81;90;20;
20030205;11;12;18;54;71;80;85;24;
20030208;12;3;14;31;32;64;79;50;
20030212;13;14;22;24;34;60;85;61;
20030215;14;3;9;12;36;71;85;8;
20030219;15;12;19;51;61;62;90;1;
20030222;16;17;41;45;81;82;88;39;
20030226;17;1;41;48;49;84;87;80;
20030301;18;8;12;27;72;80;84;19;
20030305;19;29;40;57;67;76;79;87;
20030308;20;8;27;34;42;83;88;24;
20030312;21;5;27;30;58;78;82;68;
20030315;22;23;27;43;56;71;75;58;
20030319;23;1;17;46;58;67;75;41;
20030322;24;32;34;37;49;52;68;71;
20030326;25;15;37;43;51;61;89;79;
20030329;26;1;31;54;80;81;85;26;
20030402;27;27;28;40;63;67;78;83;
20030405;28;12;18;47;63;75;81;60;
20030409;29;4;14;16;44;76;77;15;
20030412;30;4;61;63;79;84;85;3;
20030416;31;15;22;37;64;88;90;26;
20030419;32;11;26;45;53;69;75;64;
20030423;33;11;21;40;66;68;83;89;
20030426;34;10;18;26;39;62;68;86;
20030430;35;35;38;60;68;74;86;53;
20030503;36;2;6;12;17;19;63;50;
20030507;37;1;2;4;19;26;89;6;
20030510;38;22;38;46;47;77;86;53;
20030514;39;16;21;38;44;67;87;28;
20030517;40;5;39;61;75;79;90;38;
20030521;41;5;28;48;53;75;88;4;
20030524;42;12;35;54;58;61;65;60;
20030528;43;40;44;62;76;85;90;10;
20030531;44;30;44;47;48;53;56;72;
20030604;45;17;29;35;45;76;84;51;
20030607;46;15;37;38;57;76;87;30;
20030611;47;7;32;40;43;47;87;5;
20030614;48;6;25;46;59;71;83;61;
20030618;49;2;12;26;30;65;74;39;
20030621;50;7;19;39;45;48;86;90;
20030625;51;1;9;40;59;73;74;70;
20030628;52;14;18;34;48;49;74;4;
20030702;53;9;13;16;17;34;57;37;
20030705;54;50;62;68;70;74;80;22;
20030709;55;36;38;39;66;76;83;3;
20030712;56;10;11;46;80;83;88;15;
20030716;57;15;18;29;37;47;50;22;
20030719;58;7;14;27;47;80;87;33;
20030723;59;1;10;35;57;67;78;85;
20030726;60;3;4;8;28;77;86;68;
20030730;61;7;18;46;74;82;90;60;
20030802;62;12;41;45;51;66;77;40;
20030806;63;8;21;24;42;72;73;51;
20030809;64;37;48;55;76;87;90;71;
20030813;65;9;11;39;44;49;86;47;
20030816;66;35;52;55;61;80;83;36;
20030820;67;8;9;10;18;42;63;49;
20030823;68;6;42;68;70;75;87;73;
20030827;69;1;8;22;28;64;77;21;
20030830;70;2;5;36;61;86;88;44;
20030903;71;18;45;47;56;77;78;52;
20030906;72;16;17;49;50;74;81;19;
20030910;73;39;50;51;64;72;81;18;
20030913;74;1;18;34;39;48;64;8;
20030917;75;25;33;64;67;68;73;58;
20030920;76;42;44;51;64;65;77;35;
20030924;77;3;26;39;41;56;61;82;
20030927;78;17;52;55;65;82;90;85;
20031001;79;17;55;66;81;86;89;19;
20031004;80;22;62;68;73;75;87;47;
20031008;81;1;8;26;41;70;84;2;
20031011;82;13;16;25;45;47;55;22;
20031015;83;11;26;30;34;43;73;40;
20031018;84;1;4;14;41;44;82;30;
20031022;85;14;15;64;76;80;86;81;
20031025;86;49;54;55;62;66;88;12;
20031029;87;2;12;20;52;54;63;69;
20031103;88;9;25;37;73;80;81;13;
20031105;89;13;14;24;29;73;79;46;
20031108;90;7;30;43;52;57;82;75;
20031112;91;18;29;32;55;79;82;52;
20031115;92;35;54;78;81;86;88;50;
20031119;93;2;11;23;31;40;86;29;
20031122;94;3;27;54;65;81;83;58;
20031126;95;46;66;68;70;78;79;54;
20031129;96;38;50;63;65;84;88;26;
20031203;97;7;20;29;55;71;81;59;
20031206;98;1;2;18;27;43;47;78;
20031210;99;6;37;62;73;79;90;48;
20031213;100;20;48;50;58;65;78;62;
20031217;101;1;3;42;48;73;83;4;
20031220;102;3;36;40;42;54;59;64;
20031224;103;3;19;33;36;72;84;54;
20031227;104;7;19;37;51;53;74;77;
20031231;105;3;15;31;36;43;82;57;
20040103;1;29;32;36;72;77;82;20;
20040107;2;2;33;41;56;62;74;14;
20040110;3;15;25;26;32;51;61;63;
20040114;4;5;15;59;65;70;82;14;
20040117;5;4;6;19;40;60;79;89;
20040121;6;3;36;53;64;80;90;4;
20040124;7;22;27;48;52;81;83;43;
20040128;8;7;41;48;54;72;88;12;
20040131;9;4;11;26;53;63;66;8;
20040204;10;11;30;51;54;88;90;2;
20040207;11;17;24;34;49;72;82;40;
20040211;12;12;19;38;43;52;85;33;
20040214;13;17;35;41;81;82;86;13;
20040218;14;12;20;55;79;81;82;2;
20040221;15;4;13;18;58;71;84;3;
20040225;16;66;72;76;77;81;85;82;
20040228;17;11;29;60;61;82;84;33;
20040303;18;12;23;52;69;75;85;43;
20040306;19;8;19;25;49;50;54;40;
20040310;20;30;52;55;65;71;80;39;
20040313;21;4;8;12;44;77;88;71;
20040317;22;5;17;53;56;61;83;86;
20040320;23;21;41;60;69;71;83;65;
20040324;24;24;50;58;69;87;88;3;
20040327;25;4;15;39;41;49;68;34;
20040331;26;32;40;45;47;56;71;64;
20040403;27;6;7;13;35;56;87;48;
20040407;28;4;16;17;52;62;67;49;
20040410;29;3;9;41;69;74;79;89;
20040414;30;24;51;64;69;71;77;63;
20040417;31;3;14;50;59;82;84;2;
20040421;32;29;61;62;69;80;85;5;
20040424;33;7;19;27;51;63;86;62;
20040428;34;35;42;60;88;89;90;86;
20040503;35;2;7;24;56;82;85;2;
20040505;36;2;22;37;46;57;74;63;
20040508;37;3;34;62;63;72;73;15;
20040512;38;13;14;40;66;79;85;80;
20040515;39;14;46;49;60;77;86;33;
20040519;40;9;22;36;47;69;85;78;
20040522;41;14;33;5;46;50;66;44;
20040526;42;26;65;73;76;81;90;13;
20040529;43;1;5;16;60;84;86;57;
20040603;44;13;16;42;61;63;81;10;
20040605;45;29;34;37;55;62;78;24;
20040609;46;1;2;26;31;42;64;11;
20040612;47;38;44;46;55;67;85;29;
20040616;48;20;55;59;73;87;90;40;
20040619;49;4;8;11;36;55;83;49;
20040623;50;11;15;58;66;74;79;3;
20040626;51;18;37;40;45;54;56;57;
20040630;52;10;22;34;43;62;68;40;
20040703;53;14;18;22;27;39;58;43;
20040707;54;14;23;29;44;48;74;73;
20040710;55;13;30;47;66;74;81;70;
20040714;56;8;18;26;36;41;52;90;
20040717;57;29;53;54;72;76;90;20;
20040721;58;8;13;31;42;58;88;46;
20040724;59;5;17;18;27;34;47;80;
20040728;60;2;13;22;53;60;85;16;
20040731;61;17;29;63;66;70;89;82;
20040804;62;12;17;27;44;72;90;11;
20040807;63;8;29;38;53;77;80;27;
20040811;64;6;42;43;46;53;70;35;
20040814;65;29;40;52;59;71;84;60;
20040818;66;4;19;51;57;66;89;78;
20040821;67;32;42;55;74;78;88;71;
20040825;68;1;27;37;42;53;61;70;
20040828;69;18;35;50;57;67;72;16;
20040901;70;5;15;66;67;82;84;64;
20040904;71;35;37;41;43;51;88;2;
20040908;72;41;43;53;65;67;80;77;
20040911;73;16;20;43;77;78;84;42;
20040915;74;8;36;49;59;70;87;73;
20040918;75;2;21;24;27;42;68;63;
20040922;76;11;67;72;74;75;77;44;
20040925;77;2;49;56;76;86;89;10;
20040929;78;2;11;22;25;60;78;74;
20041002;79;9;37;41;46;65;79;83;
20041006;80;3;11;19;28;52;87;72;
20041009;81;7;32;44;47;65;79;48;
20041013;82;19;44;57;69;71;87;65;
20041016;83;12;14;27;35;73;88;66;
20041020;84;13;33;47;48;70;85;7;
20041023;85;12;40;51;68;73;77;69;
20041027;86;10;14;17;56;65;84;25;
20041030;87;4;13;19;30;53;81;42;
20041103;88;24;35;39;60;72;75;20;
20041106;89;13;18;21;31;41;56;33;
20041110;90;15;51;63;79;83;90;64;
20041113;91;2;21;33;38;45;46;54;
20041117;92;19;21;27;47;59;88;29;
20041120;93;29;30;38;54;66;78;80;
20041124;94;43;45;46;47;69;90;21;
20041127;95;27;35;54;61;83;89;57;
20041201;96;3;41;64;65;74;90;80;
20041204;97;20;24;38;42;44;79;50;
20041209;98;6;8;15;18;33;75;87;
20041211;99;8;41;60;70;73;85;55;
20041215;100;3;4;15;21;61;67;55;
20041218;101;11;23;47;48;80;87;89;
20041222;102;14;15;54;77;80;82;55;
20041227;103;41;59;68;72;74;87;12;
20041229;104;2;24;49;56;76;78;44;
20050103;1;10;21;22;43;61;66;47;
20050105;2;51;53;63;75;76;87;46;
20050108;3;11;25;63;72;76;87;59;
20050112;4;2;12;16;20;24;79;83;
20050115;5;14;31;34;78;89;90;55;
20050119;6;7;43;46;70;77;89;38;
20050122;7;15;45;62;63;80;82;44;
20050126;8;1;22;24;44;47;79;43;
20050129;9;1;16;18;43;47;78;59;
20050202;10;28;32;46;49;85;87;52;
20050205;11;45;60;67;69;70;87;34;
20050209;12;23;35;36;51;59;80;53;
20050212;13;13;18;24;50;58;66;64;
20050216;14;6;8;18;51;80;89;47;
20050219;15;22;26;32;38;42;86;85;
20050223;16;8;17;36;37;60;65;13;
20050226;17;4;23;28;60;64;65;35;
20050302;18;15;31;62;68;72;73;25;
20050305;19;19;21;36;55;77;87;51;
20050309;20;26;31;50;71;85;87;18;
20050312;21;2;8;30;74;76;88;37;
20050316;22;4;10;18;53;75;80;85;
20050319;23;12;33;40;52;53;85;22;
20050323;24;11;32;36;52;63;66;26;
20050326;25;42;55;59;61;70;73;41;
20050330;26;6;55;61;65;78;89;13;
20050402;27;7;24;42;49;54;65;44;
20050406;28;28;41;56;75;83;90;44;
20050409;29;29;30;61;65;73;81;58;
20050413;30;1;52;70;73;83;89;56;
20050416;31;5;13;20;32;38;52;7;
20050420;32;19;47;56;57;70;71;11;
20050423;33;1;32;37;68;81;88;74;
20050427;34;13;15;19;21;82;86;87;
20050430;35;16;31;53;63;70;81;7;
20050504;36;1;29;49;53;56;74;67;
20050507;37;6;11;21;30;58;63;5;
20050511;38;5;55;68;69;70;76;14;
20050514;39;6;16;44;45;89;90;82;
20050518;40;5;9;23;40;57;68;66;
20050521;41;4;15;25;39;45;79;50;
20050525;42;17;19;35;39;40;51;72;
20050528;43;2;3;10;15;31;61;37;
20050601;44;3;7;11;35;69;85;19;
20050604;45;15;18;35;55;64;88;50;
20050608;46;6;8;28;29;32;73;59;
20050611;47;22;35;36;44;74;75;58;
20050615;48;6;57;58;66;76;80;72;
20050618;49;7;19;27;54;64;78;86;
20050621;50;10;13;45;51;65;88;43;
20050623;51;9;24;56;68;80;86;14;
20050625;52;4;8;38;60;82;89;88;
20050628;53;6;8;49;60;72;74;89;
20050630;54;6;27;42;49;82;86;69;
20050702;55;1;19;23;50;74;77;18;
20050705;56;33;39;49;57;76;80;53;
20050707;57;17;21;40;55;64;79;86;
20050709;58;2;13;18;51;52;55;64;
20050712;59;5;24;28;41;51;73;29;
20050714;60;8;14;41;55;83;85;7;
20050716;61;8;22;28;36;74;85;79;
20050719;62;2;15;39;57;62;73;75;
20050721;63;2;7;16;26;34;80;23;
20050723;64;41;48;66;81;86;87;50;
20050726;65;3;17;43;54;75;79;76;
20050728;66;8;18;25;38;41;43;4;
20050730;67;25;28;29;54;74;88;2;
20050802;68;24;34;64;66;68;72;65;
20050804;69;24;37;64;81;84;90;74;
20050806;70;1;4;22;24;38;46;61;
20050809;71;3;8;13;28;50;61;38;
20050811;72;3;49;68;73;76;80;70;
20050813;73;7;8;33;39;48;84;23;
20050816;74;18;22;28;33;57;71;64;
20050818;75;3;15;49;65;70;72;63;
20050820;76;24;34;56;72;79;88;18;
20050823;77;7;22;33;48;86;87;39;
20050825;78;7;15;33;40;51;64;17;
20050827;79;11;14;17;35;43;70;54;
20050830;80;10;29;53;73;78;83;16;
20050901;81;9;12;20;55;69;81;64;
20050903;82;3;11;26;36;45;75;1;
20050906;83;13;22;31;54;55;87;29;
20050908;84;42;64;79;84;87;89;6;
20050910;85;20;48;57;65;71;90;39;
20050913;86;18;21;24;28;74;77;13;
20050915;87;19;36;44;46;51;89;9;
20050917;88;13;14;20;22;44;89;1;
20050920;89;37;40;70;71;75;80;15;
20050922;90;18;28;34;46;66;82;90;
20050924;91;4;18;41;52;79;82;39;
20050927;92;12;33;49;58;69;75;55;
20050929;93;12;23;29;48;52;78;40;
20051001;94;44;56;63;71;79;90;88;
20051004;95;5;25;44;54;65;70;43;
20051006;96;5;11;13;55;66;71;25;
20051008;97;15;25;58;61;83;86;77;
20051011;98;10;25;35;83;87;90;5;
20051013;99;14;20;35;45;48;66;57;
20051015;100;13;27;46;68;79;83;32;
20051018;101;3;33;63;71;78;79;74;
20051020;102;7;48;53;59;70;76;63;
20051022;103;24;35;38;61;70;86;58;
20051025;104;17;39;48;55;57;85;15;
20051027;105;17;42;62;67;77;79;74;
20051029;106;3;6;21;24;37;48;13;
20051102;107;5;31;57;66;81;85;50;
20051103;108;9;13;17;47;63;81;77;
20051105;109;13;30;60;67;84;86;78;
20051108;110;1;13;14;25;72;86;4;
20051110;111;3;15;23;40;51;60;32;
20051112;112;11;16;54;56;57;82;41;
20051115;113;48;59;65;69;84;90;46;
20051117;114;20;26;30;39;40;55;73;
20051119;115;12;14;23;36;72;87;89;
20051122;116;4;16;31;54;70;87;27;
20051124;117;25;28;34;44;57;80;86;
20051126;118;23;30;32;41;48;64;78;
20051129;119;1;12;21;36;40;84;48;
20051201;120;22;30;43;56;69;78;66;
20051203;121;24;40;53;60;63;68;56;
20051206;122;18;38;43;57;73;88;67;
20051209;123;15;23;35;38;69;89;22;
20051210;124;20;27;28;46;64;85;68;
20051213;125;52;59;63;72;75;87;89;
20051215;126;6;26;42;51;60;79;47;
20051217;127;20;23;42;70;80;90;39;
20051220;128;1;17;31;39;49;71;7;
20051222;129;9;46;54;64;69;72;90;
20051224;130;26;47;49;66;86;88;44;
20051227;131;3;5;51;55;82;83;76;
20051229;132;3;4;17;20;23;54;43;
20051231;133;57;66;68;70;74;86;87;
20060103;1;13;14;22;24;46;81;70;
20060105;2;8;27;29;38;64;82;37;
20060107;3;43;45;80;81;82;86;77;
20060110;4;54;58;72;73;82;86;38;
20060112;5;26;30;38;55;69;75;11;
20060114;6;30;31;33;44;77;89;51;
20060117;7;26;27;31;69;78;85;67;
20060119;8;25;55;60;69;77;81;34;
20060121;9;7;37;44;45;53;68;57;
20060124;10;11;13;27;47;82;84;28;
20060126;11;9;47;59;73;79;88;18;
20060128;12;25;39;74;76;85;88;58;
20060131;13;34;38;53;60;72;88;18;
20060202;14;3;22;29;54;75;84;78;
20060204;15;13;22;43;50;70;76;14;
20060207;16;11;18;27;37;65;72;43;
20060209;17;7;33;38;51;53;67;57;
20060211;18;1;2;8;30;42;43;45;
20060214;19;8;44;47;60;66;77;83;
20060216;20;5;6;18;34;42;72;8;
20060218;21;34;40;42;64;77;88;48;
20060221;22;20;58;65;70;77;86;87;
20060223;23;17;26;70;76;82;90;72;
20060225;24;3;6;44;60;84;86;53;
20060228;25;3;21;63;81;87;89;4;
20060302;26;4;35;41;66;77;89;68;
20060304;27;17;27;29;31;44;46;51;
20060307;28;1;7;22;72;79;82;75;
20060309;29;10;12;15;51;66;68;60;
20060311;30;26;28;55;61;62;85;81;
20060314;31;15;20;32;43;45;54;81;
20060316;32;8;10;15;42;48;51;25;
20060318;33;41;43;52;59;73;82;87;
20060321;34;7;8;10;29;40;52;14;
20060323;35;10;41;53;62;65;76;26;
20060325;36;16;20;29;31;38;45;25;
20060328;37;24;25;33;42;57;89;20;
20060330;38;1;4;14;30;78;82;70;
20060401;39;15;30;33;37;62;78;55;
20060404;40;13;25;45;70;78;88;89;
20060406;41;13;19;60;61;83;90;10;
20060408;42;16;33;60;61;62;63;77;
20060411;43;16;19;44;60;76;89;79;
20060413;44;27;35;41;46;49;86;24;
20060415;45;10;11;13;37;81;84;3;
20060418;46;1;4;12;14;66;78;55;
20060420;47;32;35;44;58;82;90;52;
20060422;48;16;21;59;70;71;83;90;
20060426;49;13;18;47;51;60;64;11;
20060427;50;8;23;30;53;69;78;36;
20060429;51;12;22;53;54;60;77;28;
20060502;52;22;42;52;55;62;74;61;
20060504;53;11;18;37;52;62;77;59;
20060506;54;19;22;46;49;72;85;14;
20060509;55;16;23;40;62;79;88;42;
20060511;56;14;19;20;26;79;82;47;
20060513;57;11;31;38;50;59;62;7;
20060516;58;1;4;32;35;36;87;7;
20060518;59;1;63;67;71;75;79;28;
20060520;60;5;32;39;50;59;77;71;
20060523;61;30;36;39;68;71;80;38;
20060525;62;19;22;44;61;66;75;77;
20060527;63;5;11;33;51;82;85;19;
20060530;64;1;16;25;33;54;71;11;
20060601;65;18;33;51;66;87;90;5;
20060603;66;20;68;70;71;72;81;90;
20060606;67;29;31;41;44;64;73;1;
20060608;68;5;42;51;66;69;74;22;
20060610;69;9;10;63;73;79;90;2;
20060613;70;10;13;21;31;48;72;79;
20060615;71;6;27;39;43;62;84;67;
20060617;72;2;8;43;48;60;67;74;
20060620;73;22;26;51;63;64;73;17;
20060622;74;8;22;36;48;53;55;29;
20060624;75;5;11;24;26;49;68;13;
20060627;76;11;29;56;62;68;76;33;
20060629;77;27;28;56;67;75;86;79;
20060701;78;5;11;40;45;58;75;66;
20060704;79;20;45;59;75;84;90;85;
20060706;80;21;22;34;55;56;74;63;
20060708;81;4;49;54;73;79;83;29;
20060711;82;2;12;19;25;31;76;49;
20060713;83;15;46;47;67;73;90;51;
20060715;84;16;21;27;43;56;64;19;
20060718;85;3;27;30;38;43;60;50;
20060720;86;22;36;65;72;82;86;27;
20060722;87;12;37;46;54;58;79;90;
20060725;88;5;35;49;52;65;89;15;
20060727;89;26;34;68;82;83;87;42;
20060729;90;18;24;46;47;69;70;82;
20060801;91;31;37;45;52;74;83;70;
20060803;92;21;22;25;53;76;85;7;
20060805;93;5;11;21;49;54;84;66;
20060808;94;3;4;5;47;55;80;73;
20060810;95;6;9;42;48;81;87;63;
20060812;96;45;49;63;67;82;90;72;
20060816;97;8;25;28;57;71;72;83;
20060817;98;4;25;30;40;41;62;38;
20060819;99;6;59;77;81;82;88;61;
20060822;100;3;8;16;64;72;73;22;
20060824;101;3;27;29;46;47;61;15;
20060826;102;3;9;14;55;62;83;79;
20060829;103;46;49;50;57;68;69;14;
20060831;104;2;11;17;33;79;87;7;
20060902;105;26;33;35;45;54;61;10;
20060905;106;16;21;51;64;65;89;63;
20060907;107;1;3;29;63;72;85;55;
20060909;108;7;10;24;31;81;84;4;
20060912;109;8;22;36;43;76;77;23;
20060914;110;10;22;27;34;56;85;16;
20060916;111;14;34;35;37;41;61;31;
20060919;112;4;6;8;14;21;28;56;
20060921;113;2;8;27;30;35;87;21;
20060923;114;8;23;39;52;75;81;65;
20060926;115;6;9;10;20;60;83;81;
20060928;116;52;58;61;62;65;69;53;
20060930;117;3;47;63;66;67;69;56;
20061003;118;14;24;33;41;53;82;47;
20061005;119;4;40;60;71;72;90;21;
20061007;120;15;29;30;68;79;85;26;
20061010;121;6;13;34;52;63;83;16;
20061012;122;12;46;52;55;65;90;32;
20061014;123;12;37;38;42;79;82;60;
20061017;124;4;18;24;49;66;81;70;
20061019;125;34;36;44;50;71;80;85;
20061021;126;4;5;21;26;42;79;84;
20061024;127;4;25;43;45;71;90;52;
20061026;128;42;44;45;47;72;79;15;
20061028;129;15;29;50;57;79;88;84;
20061031;130;8;19;27;43;51;79;22;
20061102;131;2;4;5;9;22;75;79;
20061104;132;14;37;48;50;65;66;87;
20061107;133;10;27;42;72;75;87;44;
20061109;134;5;6;28;61;77;87;71;
20061111;135;22;36;40;44;46;76;30;
20061114;136;8;12;14;66;76;88;45;
20061116;137;36;42;46;51;72;84;65;
20061118;138;36;55;59;81;82;89;20;
20061121;139;2;3;35;41;48;88;5;
20061123;140;23;29;42;44;59;82;38;
20061125;141;1;2;4;44;75;80;33;
20061128;142;50;51;57;59;64;74;28;
20061130;143;1;31;51;73;77;88;89;
20061202;144;25;45;63;71;74;88;90;4
20061205;145;3;12;22;65;77;84;4;27
20061207;146;4;19;31;51;56;57;24;81
20061209;147;21;23;28;48;49;54;65;7
20061212;148;7;17;44;63;64;88;8;56
20061214;149;1;31;48;75;78;81;28;59
20061216;150;14;28;40;52;54;83;25;61
20061219;151;10;19;32;44;56;76;15;50
20061221;152;2;10;30;43;56;83;64;47
20061223;153;8;13;16;17;49;68;15;13
20061227;154;3;11;28;29;68;88;39;90
20061228;155;15;43;45;66;74;87;86;70
20061230;156;2;20;32;51;53;83;47;43
20070102;1;42;47;55;57;61;79;72;65
20070104;2;21;40;76;77;83;84;73;90
20070108;3;3;45;49;53;58;77;48;46
20070109;4;16;39;65;67;83;86;64;10
20070111;5;6;27;59;71;85;90;72;70
20070113;6;11;49;53;65;77;89;33;2
20070116;7;1;11;24;33;36;80;15;3
20070118;8;7;39;45;47;55;80;3;78
20070120;9;18;47;55;64;74;89;23;17
20070123;10;8;10;20;40;80;85;32;66
20070125;11;4;6;26;28;53;64;42;90
20070127;12;10;33;34;44;70;79;80;48
20070130;13;1;23;38;50;60;77;39;57
20070201;14;1;20;21;27;44;75;36;22
20070203;15;3;12;32;43;51;58;13;44
20070206;16;21;35;39;54;62;85;71;32
20070208;17;3;9;33;61;65;85;11;83
20070210;18;11;30;55;76;77;90;57;52
20070213;19;4;29;70;82;86;88;8;2
20070215;20;11;22;35;65;78;81;7;25
20070217;21;40;41;62;65;89;90;25;89
20070220;22;19;25;31;56;82;90;17;22
20070222;23;28;44;51;72;81;90;16;74
20070224;24;1;30;60;70;74;77;90;88
20070227;25;6;20;58;59;65;88;90;78
20070301;26;40;55;64;65;70;85;13;65
20070303;27;6;32;50;57;59;61;68;29
20070306;28;1;8;21;30;81;86;13;54
20070308;29;5;27;43;50;75;90;54;59
20070310;30;16;22;36;40;62;75;55;51
20070313;31;13;46;48;76;81;83;35;70
20070315;32;1;6;43;46;61;83;80;71
20070317;33;10;43;55;56;81;87;69;35
20070320;34;5;7;68;71;75;85;15;18
20070322;35;23;32;34;72;80;83;22;86
20070324;36;28;45;60;63;74;86;66;5
20070327;37;35;36;43;46;69;75;47;17
20070329;38;13;17;19;21;69;73;78;20
20070331;39;42;70;74;78;82;87;23;41
20070403;40;12;16;21;25;27;64;66;4
20070405;41;2;17;60;77;85;86;21;71
20070407;42;1;29;37;67;74;81;54;67
20070410;43;8;30;39;66;69;78;70;54
20070412;44;10;28;53;64;76;79;47;81
20070414;45;3;46;64;71;78;87;4;64
20070417;46;3;21;33;45;47;85;17;22
20070419;47;28;30;65;74;77;83;40;88
20070421;48;11;19;43;75;81;87;1;80
20070424;49;8;36;40;45;67;79;84;40
20070426;50;36;38;54;56;75;85;28;32
20070428;51;7;15;16;21;37;60;52;58
20070502;52;3;6;12;20;69;83;80;52
20070503;53;1;11;20;66;69;88;35;3
20070505;54;2;3;64;69;73;82;62;58
20070508;55;14;30;33;35;58;76;82;77
20070510;56;32;38;55;58;66;85;51;38
20070512;57;25;46;48;52;57;81;3;6
20070515;58;23;33;78;79;87;88;56;90
20070517;59;10;36;63;75;79;85;49;44
20070519;60;7;8;13;17;38;43;6;59
20070522;61;1;44;67;77;88;90;79;31
20070524;62;13;19;32;39;44;61;66;18
20070526;63;5;31;62;63;68;78;2;47
20070529;64;1;16;17;31;42;70;81;51
20070531;65;7;21;36;38;77;79;17;18
20070604;66;17;39;40;75;76;88;19;86
20070605;67;1;9;13;29;71;83;56;41
20070607;68;59;66;69;72;73;80;23;53
20070609;69;5;19;20;26;53;54;56;23
20070612;70;1;14;17;47;61;66;13;53
20070614;71;12;42;44;46;52;86;25;34
20070616;72;29;32;39;43;66;73;60;6
20070619;73;1;2;26;41;65;80;37;27
20070621;74;2;10;35;67;77;90;51;80
20070623;75;15;42;65;68;70;90;46;40
20070626;76;6;15;45;47;69;70;40;18
20070628;77;3;20;47;52;83;90;75;22
20070630;78;4;24;30;61;66;69;67;24
20070703;79;19;23;39;54;79;87;42;43
20070705;80;8;24;52;73;84;86;51;11
20070707;81;32;45;69;77;83;87;19;3
20070710;82;14;42;53;68;83;89;75;78
20070712;83;1;35;51;56;68;79;63;7
20070714;84;27;33;44;56;63;85;79;40
20070717;85;23;31;62;65;69;89;49;46
20070719;86;21;30;33;45;62;70;57;3
20070721;87;18;62;64;69;75;81;3;6
20070724;88;43;56;61;62;73;81;75;73
20070726;89;20;22;36;68;81;87;52;55
20070728;90;8;38;47;63;71;84;69;36
20070731;91;12;38;65;72;83;84;31;61
20070802;92;16;24;51;55;59;66;41;52
20070804;93;41;46;64;71;84;87;81;22
20070807;94;21;29;50;55;67;73;24;85
20070809;95;34;39;57;62;79;83;13;3
20070811;96;30;37;41;62;65;68;40;64
20070814;97;14;19;44;52;60;71;57;18
20070816;98;16;24;37;38;69;78;25;4
20070818;99;1;25;60;67;87;88;75;14
20070821;100;11;27;45;53;55;58;34;85
20070823;101;8;46;49;55;80;87;64;67
20070825;102;4;23;25;30;34;57;40;70
20070828;103;6;18;36;75;81;83;72;75
20070830;104;19;48;49;56;60;88;76;56
20070901;105;1;35;37;39;57;84;67;31
20070904;106;5;6;9;51;62;66;10;3
20070906;107;9;16;22;25;26;70;64;63
20070908;108;9;31;32;47;70;89;19;5
20070911;109;3;4;19;39;73;78;80;5
20070913;110;15;23;59;65;78;82;41;79
20070915;111;10;30;57;64;72;75;49;3
20070918;112;7;17;30;56;68;80;19;28
20070920;113;10;20;24;38;49;87;77;48
20070922;114;4;52;68;79;85;86;20;68
20070925;115;10;14;18;22;48;68;38;24
20070927;116;2;23;46;48;55;63;15;83
20070929;117;8;11;17;20;21;80;64;35
20071002;118;8;23;48;49;61;62;47;54
20071004;119;3;17;33;51;77;87;16;42
20071006;120;3;20;21;43;69;70;78;11
20071009;121;7;9;17;51;57;78;87;20
20071011;122;18;37;49;71;76;78;23;35
20071013;123;12;41;42;44;80;86;37;46
20071016;124;7;21;58;65;72;77;85;23
20071018;125;2;24;51;55;62;81;53;27
20071020;126;11;17;20;36;57;72;51;89
20071023;127;1;10;26;62;71;90;43;32
20071025;128;3;6;7;30;67;89;11;7
20071027;129;7;19;39;42;56;57;18;73
20071030;130;22;39;54;63;68;73;12;15
20071102;131;29;31;51;60;72;73;69;50
20071103;132;11;31;44;64;83;89;34;37
20071106;133;13;18;32;46;55;78;59;66
20071108;134;16;29;38;62;72;84;66;28
20071110;135;6;39;50;52;54;88;51;49
20071113;136;1;2;33;62;68;79;14;21
20071115;137;4;9;69;74;76;85;86;11
20071117;138;18;28;40;63;86;68;71;68
20071120;139;1;18;30;34;65;75;31;45
20071122;140;2;51;55;57;61;82;15;60
20071124;141;26;37;53;81;86;90;31;60
20071127;142;2;22;28;39;61;79;84;23
20071129;143;17;41;42;43;66;76;8;46
20071201;144;6;19;30;53;55;76;17;70
20071204;145;3;10;40;54;69;85;43;13
20071206;146;33;37;48;65;83;84;55;88
20071210;147;5;13;28;30;42;63;84;66
20071211;148;9;12;28;71;82;85;37;1
20071213;149;12;20;22;39;55;72;15;52
20071215;150;25;31;43;61;63;86;23;39
20071218;151;28;29;33;35;65;80;69;7
20071220;152;6;10;13;17;22;46;43;85
20071222;153;3;14;30;50;66;87;47;48
20071224;154;29;31;35;49;69;74;16;28
20071227;155;6;13;19;37;67;72;49;1
20071229;156;12;26;70;74;84;87;43;11
20080102;1;16;38;40;69;84;90;60;14
20080103;2;20;39;56;64;66;85;29;17
20080105;3;16;30;68;75;83;86;15;25
20080108;4;17;23;30;74;81;84;55;49
20080110;5;23;25;30;44;51;68;58;21
20080112;6;8;9;52;77;82;86;85;8
20080115;7;12;50;55;62;67;88;29;1
20080117;8;4;15;21;35;59;73;70;76
20080119;9;10;23;31;35;61;87;81;15
20080122;10;7;18;19;56;66;71;26;20
20080124;11;18;28;33;41;63;84;88;41
20080126;12;15;17;25;31;85;87;82;57
20080129;13;1;23;30;60;70;74;31;21
20080131;14;7;14;26;34;45;77;83;34
20080202;15;18;33;61;70;81;90;10;80
20080205;16;22;28;75;78;83;87;13;84
20080207;17;30;32;49;68;71;85;86;9
20080209;18;2;3;13;23;30;70;85;72
20080212;19;8;16;33;64;68;82;4;44
20080214;20;4;18;30;69;73;74;78;52
20080216;21;16;17;52;60;80;81;29;52
20080219;22;2;18;35;53;60;66;32;45
20080221;23;27;43;46;51;52;72;83;32
20080223;24;11;13;25;62;76;80;18;54
20080226;25;2;11;40;60;73;82;74;50
20080228;26;2;5;6;56;58;73;3;38
20080301;27;23;30;33;67;69;71;61;56
20080304;28;12;32;54;63;64;85;62;77
20080306;29;1;16;32;51;60;61;78;11
20080308;30;4;12;21;39;59;83;64;63
20080311;31;41;51;61;66;75;88;27;71
20080313;32;50;61;62;71;72;74;59;9
20080315;33;7;32;49;55;61;83;64;82
20080318;34;27;36;38;41;71;84;6;37
20080320;35;5;37;38;59;71;80;43;33
20080322;36;30;37;47;72;85;87;71;34
20080325;37;8;36;75;76;79;83;65;58
20080327;38;11;34;46;58;77;82;50;27
20080329;39;1;17;33;34;46;62;3;17
20080401;40;5;9;53;57;61;84;78;2
20080403;41;9;37;40;61;69;84;35;36
20080405;42;29;51;52;62;72;79;34;43
20080408;43;12;21;49;51;56;74;8;76
20080410;44;34;54;72;76;79;85;78;10
20080412;45;5;34;55;58;74;90;8;33
20080415;46;2;25;28;31;46;59;22;25
20080417;47;8;14;36;71;74;87;18;29
20080419;48;22;29;30;32;41;52;42;7
20080422;49;18;54;62;80;88;90;24;58
20080424;50;36;43;47;49;84;89;51;25
20080426;51;56;64;72;81;83;86;32;25
20080429;52;28;33;42;54;76;79;68;62
20080502;53;36;38;40;51;53;71;8;58
20080503;54;8;38;39;52;64;70;73;39
20080506;55;7;71;72;75;80;90;85;55
20080508;56;8;29;33;47;52;56;59;19
20080510;57;1;4;25;44;82;89;23;50
20080513;58;28;33;39;40;80;89;82;12
20080515;59;7;31;38;57;84;87;86;71
20080517;60;8;53;65;66;80;87;3;20
20080520;61;40;42;57;62;67;88;3;49
20080522;62;22;63;66;73;81;90;47;43
20080524;63;6;16;28;32;43;90;73;27
20080527;64;7;10;50;51;80;85;60;46
20080529;65;7;30;40;58;75;79;84;78
20080531;66;8;16;39;63;84;86;34;48
20080603;67;2;26;30;32;63;89;56;82
20080605;68;13;22;40;41;51;86;6;26
20080607;69;10;26;53;66;70;78;75;64
20080610;70;4;62;67;69;70;84;23;31
20080612;71;10;15;17;57;65;80;1;47
20080614;72;3;6;20;46;50;80;86;2
20080617;73;8;11;14;39;46;51;57;2
20080619;74;18;31;47;59;75;80;79;73
20080621;75;8;16;42;64;72;74;53;74
20080624;76;13;25;54;56;57;58;31;15
20080626;77;4;12;35;61;66;84;79;75
20080628;78;6;19;25;42;48;52;56;57
20080701;79;1;38;54;63;66;74;13;22
20080703;80;19;32;41;42;64;65;75;81
20080705;81;9;69;70;72;77;81;39;1
20080708;82;1;26;49;74;82;87;81;74
20080710;83;11;22;39;52;55;63;24;6
20080712;84;16;26;31;67;74;82;18;74
20080715;85;21;40;57;60;61;68;9;68
20080717;86;8;28;34;63;86;90;15;89
20080719;87;4;33;34;44;52;63;27;53
20080722;88;35;49;56;78;87;90;10;59
20080724;89;15;17;25;39;57;58;24;18
20080726;90;6;44;66;68;77;86;20;17
20080729;91;14;28;37;47;53;57;88;23
20080731;92;20;67;71;81;84;88;7;27
20080802;93;35;49;68;71;82;85;31;48
20080805;94;1;30;36;37;60;88;27;28
20080807;95;19;30;52;66;70;82;84;33
20080809;96;2;11;21;23;39;47;72;31
20080812;97;12;24;26;50;65;69;51;51
20080814;98;8;19;30;32;52;75;85;79
20080816;99;7;10;35;64;77;89;21;83
20080819;100;5;7;13;33;66;79;84;27
20080821;101;2;4;11;37;62;75;19;25
20080823;102;21;31;37;64;75;88;41;27
20080826;103;7;23;28;50;80;87;27;63
20080828;104;18;19;36;39;58;88;53;16
20080830;105;24;26;33;36;38;73;74;29
20080902;106;6;29;30;78;81;88;26;27
20080904;107;1;6;11;27;65;80;21;39
20080906;108;2;22;33;42;52;71;72;86
20080909;109;1;3;20;43;51;78;12;83
20080911;110;27;31;35;53;54;78;45;27
20080913;111;28;38;41;58;67;80;85;79
20080916;112;21;30;32;41;47;67;49;24
20080918;113;15;18;21;57;59;61;19;56
20080920;114;7;12;36;73;77;85;1;1
20080923;115;8;22;31;39;58;63;42;48
20080925;116;25;51;53;72;77;81;83;19
20080927;117;3;16;20;55;60;80;52;10
20080930;118;5;34;43;53;71;78;73;28
20081002;119;2;41;59;68;74;86;31;56
20081004;120;31;58;80;81;88;89;65;79
20081007;121;16;21;24;60;66;79;82;44
20081009;122;4;19;20;24;44;55;80;80
20081011;123;7;9;35;61;67;68;53;26
20081014;124;11;14;43;46;61;70;82;73
20081016;125;1;20;22;23;61;82;70;58
20081018;126;8;25;33;48;58;90;53;63
20081021;127;4;47;76;78;81;86;6;49
20081023;128;7;20;21;74;75;81;33;10
20081025;129;13;16;28;32;71;85;78;67
20081028;130;5;9;50;80;82;88;89;18
20081030;131;2;25;26;41;55;75;59;15
20081103;132;16;21;33;42;52;66;19;75
20081104;133;6;28;32;39;57;85;47;51
20081106;134;24;26;31;39;49;81;89;29
20081108;135;3;31;33;37;52;54;17;42
20081111;136;6;10;22;48;61;65;58;70
20081113;137;15;17;24;31;80;86;52;48
20081115;138;5;7;13;40;52;84;37;21
20081118;139;3;4;7;44;52;89;47;46
20081120;140;25;39;43;46;59;67;75;72
20081122;141;7;30;45;50;55;74;60;17
20081125;142;19;48;61;73;81;83;22;73
20081127;143;27;28;46;48;52;70;71;60
20081129;144;2;3;22;46;61;80;49;68
20081202;145;8;9;17;33;80;86;22;6
20081204;146;17;44;49;60;66;81;74;34
20081206;147;30;46;54;56;72;86;22;85
20081209;148;1;38;47;50;58;65;22;45
20081211;149;40;60;68;72;84;89;90;65
20081213;150;28;32;45;61;63;76;43;11
20081216;151;17;20;48;62;85;90;69;39
20081218;152;9;26;29;31;58;70;21;43
20081220;153;12;14;29;48;49;85;79;14
20081223;154;30;45;66;69;75;80;63;52
20081224;155;17;32;33;50;61;82;67;56
20081227;156;8;25;31;65;87;90;28;1
20081230;157;23;32;38;40;51;71;48;52
20090102;1;16;19;29;34;48;64;53;34
20090103;2;17;24;25;40;58;64;27;51
20090107;3;14;31;35;40;50;66;68;16
20090108;4;14;23;24;41;71;73;63;33
20090110;5;2;15;35;54;60;78;27;64
20090113;6;9;14;21;55;66;90;4;28
20090115;7;8;15;24;25;44;55;86;76
20090117;8;13;17;25;55;64;85;11;36
20090120;9;19;35;49;52;75;79;41;7
20090122;10;1;2;40;52;67;82;23;78
20090124;11;2;4;13;23;28;68;49;13
20090127;12;20;31;44;51;65;74;71;66
20090129;13;27;32;55;65;76;86;60;51
20090131;14;1;3;8;38;83;88;16;85
20090203;15;11;13;17;49;51;61;8;13
20090205;16;7;18;27;33;35;43;28;56
20090207;17;8;23;58;61;76;79;90;71
20090210;18;11;18;47;80;89;90;70;9
20090212;19;3;24;31;32;61;85;17;4
20090214;20;7;32;43;50;68;73;31;13
20090217;21;17;20;63;78;82;85;42;78
20090219;22;28;30;32;33;34;52;14;17
20090221;23;6;39;40;41;50;54;2;34
20090224;24;33;38;47;67;68;81;51;90
20090226;25;10;19;25;35;51;73;66;56
20090228;26;6;26;56;65;69;82;19;14
20090303;27;20;39;42;45;74;77;81;12
20090305;28;29;36;37;40;70;75;7;40
20090307;29;4;14;45;53;77;84;69;57
20090310;30;33;57;63;65;78;88;55;79
20090312;31;2;10;19;36;78;90;83;6
20090314;32;10;15;46;51;65;75;29;17
20090317;33;3;38;44;50;53;70;22;64
20090319;34;1;39;40;52;54;64;37;38
20090321;35;4;39;43;59;74;90;30;26
20090324;36;1;9;11;21;36;47;29;20
20090326;37;13;21;70;71;72;85;82;12
20090328;38;1;10;55;61;72;77;30;75
20090331;39;2;4;16;20;29;53;65;16
20090402;40;3;12;16;30;84;89;18;3
20090404;41;2;3;4;27;34;42;59;55
20090407;42;3;37;54;65;87;89;58;16
20090409;43;2;23;36;62;75;79;48;21
20090411;44;6;34;59;61;83;90;53;60
20090414;45;2;5;20;43;64;83;66;4
20090416;46;3;9;17;38;54;62;64;28
20090418;47;20;46;48;62;71;86;44;80
20090421;48;19;22;26;59;61;71;57;88
20090423;49;24;29;40;71;74;78;21;57
20090427;50;7;40;54;64;69;71;67;70
20090428;51;11;12;32;55;72;87;88;36
20090430;52;28;64;65;77;85;89;47;22
20090502;53;2;25;31;38;45;84;24;62
20090505;54;7;12;19;43;71;77;44;36
20090507;55;31;43;67;69;76;80;1;67
20090509;56;9;11;40;48;68;84;6;47
20090512;57;4;9;22;23;47;73;45;2
20090514;58;1;22;41;69;73;89;39;54
20090516;59;39;50;55;57;78;82;81;52
20090519;60;36;55;62;66;81;85;9;33
20090521;61;11;14;17;24;39;48;64;15
20090523;62;9;25;29;43;48;54;65;12
20090526;63;6;33;35;64;66;77;85;50
20090528;64;5;27;37;63;67;77;75;49
20090530;65;1;13;17;31;58;62;74;2
20090603;66;32;33;37;43;44;79;74;71
20090604;67;7;57;60;67;69;90;14;22
20090606;68;8;14;16;18;56;60;69;20
20090609;69;14;17;39;47;58;85;61;45
20090611;70;4;10;24;59;72;83;47;15
20090613;71;8;19;25;73;76;84;33;78
20090616;72;6;14;39;47;63;82;74;61
20090618;73;15;27;31;52;74;77;54;46
20090620;74;1;7;38;58;62;78;79;74
20090623;75;2;3;37;38;58;59;24;53
20090625;76;23;36;38;52;62;63;43;81
20090627;77;29;56;66;77;88;89;45;39
20090630;78;12;19;24;51;56;78;3;87
20090702;79;12;13;38;46;47;72;5;17
20090704;80;6;35;53;67;75;89;2;66
20090707;81;41;44;55;56;68;79;40;17
20090709;82;7;29;57;60;79;87;84;11
20090711;83;8;21;32;33;60;69;48;64
20090714;84;33;35;47;51;62;89;5;74
20090716;85;6;35;38;48;58;76;26;79
20090718;86;4;32;34;56;61;82;81;6
20090721;87;27;32;40;49;75;82;5;84
20090723;88;9;12;60;69;72;89;2;80
20090725;89;7;35;36;41;45;88;52;46
20090728;90;1;21;29;40;63;70;39;26
20090730;91;2;68;77;81;83;84;19;7
20090801;92;17;21;23;31;33;37;79;51
20090804;93;4;8;51;72;74;88;85;41
20090806;94;40;41;49;56;61;63;2;67
20090808;95;24;51;58;61;74;77;43;20
20090811;96;26;29;40;50;54;72;78;85
20090813;97;11;29;56;63;88;90;22;8
20090817;98;4;10;27;28;34;57;71;58
20090818;99;2;19;43;49;77;82;50;7
20090820;100;2;16;38;67;70;84;4;44
20090822;101;10;11;27;45;79;88;42;63
20090825;102;4;5;22;48;53;86;41;10
20090827;103;15;20;36;69;74;87;86;53
20090829;104;15;19;26;34;67;69;50;77
20090901;105;12;14;19;38;41;45;31;28
20090903;106;18;54;56;58;62;66;32;45
20090905;107;15;31;39;49;64;85;56;44
20090908;108;6;13;41;71;75;86;58;36
20090910;109;17;39;41;47;77;83;63;34
20090912;110;5;21;26;45;47;49;11;29
20090915;111;26;60;61;72;85;88;73;54
20090917;112;19;32;34;63;74;89;55;85
20090919;113;4;8;20;21;44;80;77;18
20090922;114;17;40;50;73;74;82;19;28
20090924;115;5;9;25;30;76;81;6;68
20090926;116;34;69;70;73;82;90;80;77
20090929;117;10;22;24;45;67;76;71;48
20091001;118;4;19;34;52;68;77;63;47
20091003;119;28;38;59;60;71;83;54;33
20091006;120;23;24;49;69;70;72;88;4
20091008;121;1;12;17;65;70;90;24;9
20091010;122;9;33;34;52;82;83;51;16
20091013;123;5;11;40;43;56;82;7;23
20091015;124;3;29;51;55;73;81;83;23
20091017;125;8;24;45;47;72;84;78;27
20091020;126;41;47;49;55;77;90;22;75
20091022;127;29;33;34;64;65;87;37;42
20091024;128;6;26;37;38;55;73;22;63
20091027;129;38;43;44;45;63;77;42;49
20091029;130;29;37;42;52;54;59;79;18
20091031;131;13;16;41;49;58;76;47;23
20091103;132;22;35;44;66;71;88;76;44
20091105;133;12;20;28;57;74;85;41;6
20091107;134;9;11;70;74;75;84;80;7
20091110;135;24;32;56;59;76;81;55;85
20091112;136;37;43;49;66;73;88;10;82
20091114;137;15;27;31;40;63;82;53;88
20091117;138;16;25;28;30;39;51;9;51
20091119;139;1;35;42;55;57;62;87;14
20091121;140;36;37;50;57;73;83;69;19
20091124;141;19;47;69;71;86;87;17;49
20091126;142;26;31;32;50;61;77;55;51
20091128;143;3;42;52;67;78;86;57;44
20091201;144;21;25;36;51;82;90;61;66
20091203;145;19;30;34;49;54;74;2;16
20091205;146;20;63;66;74;75;77;88;58
20091209;147;9;30;50;57;62;70;31;41
20091210;148;33;36;39;50;65;70;55;5
20091212;149;10;16;40;55;66;77;36;47
20091215;150;1;4;48;53;61;85;82;84
20091217;151;1;23;32;53;66;83;56;21
20091219;152;9;15;17;34;73;83;67;15
20091222;153;6;13;17;52;64;82;24;35
20091224;154;5;25;37;52;62;79;11;77
20091228;155;34;36;61;62;78;88;55;20
20091229;156;11;16;21;62;70;84;24;4
20091231;157;40;41;45;51;52;79;31;76
20100102;1;10;23;47;63;70;81;19;51
20100105;2;44;48;49;68;86;87;62;84
20100107;3;13;24;26;34;76;77;80;75
20100109;4;1;30;32;45;69;83;49;89
20100112;5;26;27;39;55;59;63;71;57
20100114;6;4;24;47;66;74;77;81;50
20100116;7;14;18;32;33;46;88;35;62
20100119;8;5;18;55;59;65;74;53;20
20100121;9;11;21;53;62;63;68;10;85
20100123;10;2;23;24;70;81;90;35;27
20100126;11;6;15;18;23;53;62;80;74
20100128;12;21;23;25;27;36;84;80;80
20100130;13;4;17;52;55;56;67;26;13
20100202;14;8;26;32;40;62;88;87;18
20100204;15;11;25;36;49;53;85;55;49
20100206;16;24;40;43;51;53;88;31;68
20100209;17;20;22;24;40;51;80;60;82
20100211;18;4;19;32;58;73;87;29;35
20100213;19;1;14;26;49;71;89;40;4
20100216;20;46;48;63;68;83;85;13;29
20100218;21;7;34;49;51;58;86;69;83
20100220;22;19;26;63;67;68;83;6;5
20100223;23;12;30;35;44;49;62;22;30
20100225;24;1;64;67;68;79;90;59;25
20100227;25;13;43;47;55;67;70;82;71
20100302;26;4;5;18;35;40;90;38;18
20100304;27;17;24;34;48;61;87;39;75
20100306;28;16;21;30;35;57;78;36;38
20100309;29;26;28;48;52;55;90;64;49
20100311;30;7;8;25;46;65;78;74;45
20100313;31;8;9;11;14;79;90;82;90
20100316;32;6;15;21;27;49;85;66;81
20100318;33;4;5;29;58;71;84;49;35
20100320;34;4;18;26;47;61;80;35;15
20100323;35;20;29;44;54;64;69;23;59
20100325;36;6;50;67;69;77;88;32;75
20100327;37;44;45;58;65;66;85;16;35
20100330;38;8;30;64;69;80;88;35;5
20100401;39;23;25;37;38;50;86;43;31
20100403;40;2;16;19;47;49;57;27;23
20100406;41;1;30;67;68;71;80;56;84
20100408;42;7;29;36;50;56;75;25;51
20100410;43;6;31;58;64;74;82;33;36
20100413;44;33;42;46;55;69;90;83;45
20100415;45;34;37;38;39;59;90;42;86
20100417;46;30;54;66;67;76;90;14;5
20100420;47;4;14;40;41;54;79;50;55
20100422;48;6;25;29;44;68;74;76;88
20100424;49;6;7;45;46;67;85;31;21
20100427;50;4;26;28;59;61;68;60;42
20100429;51;31;38;49;54;62;76;60;87
20100503;52;19;33;45;55;82;84;86;2
20100504;53;5;15;23;39;43;49;29;87
20100506;54;2;4;25;34;61;66;47;87
20100508;55;18;26;45;67;70;90;32;55
20100511;56;13;28;39;45;68;81;8;40
20100513;57;19;29;37;46;64;75;70;4
20100515;58;22;32;34;70;78;90;61;73
20100518;59;50;55;57;62;78;83;23;29
20100520;60;19;38;48;54;71;84;28;31
20100522;61;31;32;57;59;78;79;10;73
20100525;62;6;34;43;60;71;73;81;71
20100527;63;9;39;49;64;65;72;52;7
20100529;64;22;68;75;83;85;89;10;72
20100601;65;3;15;46;67;75;78;5;51
20100603;66;30;38;46;47;62;67;68;63
20100605;67;1;6;13;24;46;89;8;86
20100608;68;24;33;54;69;79;86;52;41
20100610;69;16;19;48;51;65;85;40;58
20100612;70;16;27;43;46;62;85;52;62
20100615;71;48;54;64;75;79;87;27;35
20100617;72;20;46;50;52;69;86;64;20
20100619;73;3;8;10;22;32;50;58;63
20100622;74;9;19;54;73;83;90;47;42
20100624;75;12;18;49;51;66;69;50;77
20100626;76;9;28;33;38;50;55;47;49
20100629;77;1;13;18;41;68;84;64;22
20100701;78;1;14;38;77;80;89;57;39
20100703;79;14;18;48;52;64;75;26;76
20100706;80;9;34;57;72;84;88;43;72
20100708;81;23;25;43;50;51;61;30;77
20100710;82;10;25;34;79;85;86;15;87
20100713;83;9;20;33;48;55;84;10;74
20100715;84;4;5;11;15;20;46;82;75
20100717;85;1;9;32;56;71;79;10;39
20100720;86;19;33;45;50;54;86;63;89
20100722;87;30;37;41;45;47;57;82;24
20100724;88;37;47;51;54;78;82;26;70
20100727;89;37;47;69;75;86;88;6;65
20100729;90;6;7;11;19;34;49;73;21
20100731;91;14;15;16;27;56;57;21;76
20100803;92;8;38;48;66;70;86;75;58
20100805;93;11;17;47;57;79;86;70;82
20100807;94;1;7;19;65;67;74;87;78
20100810;95;1;10;17;31;58;80;40;63
20100812;96;2;40;47;54;66;83;25;20
20100814;97;6;10;69;78;83;86;26;52
20100817;98;4;19;52;67;82;90;45;7
20100819;99;9;17;37;51;70;78;56;88
20100821;100;14;59;64;75;80;83;42;15
20100824;101;50;53;66;69;70;90;51;36
20100826;102;13;28;36;45;59;65;41;9
20100828;103;6;11;13;48;72;77;85;78
20100831;104;10;21;35;40;63;79;80;76
20100902;105;18;30;40;64;88;89;69;79
20100904;106;13;54;56;67;82;90;25;29
20100907;107;3;7;48;67;87;90;31;60
20100909;108;8;26;32;44;82;86;37;4
20100911;109;10;16;36;70;71;73;66;85
20100914;110;6;29;54;62;72;80;5;29
20100916;111;5;49;71;83;85;88;74;28
20100918;112;4;23;24;35;77;79;17;11
20100921;113;46;49;61;69;74;82;66;41
20100923;114;25;32;64;74;85;90;6;29
20100925;115;13;16;45;58;63;72;74;69
20100928;116;18;20;46;54;57;65;58;20
20100930;117;6;24;55;67;70;75;19;74
20101002;118;9;16;31;43;49;83;61;10
20101005;119;17;38;42;50;68;86;62;1
20101007;120;19;22;49;65;70;87;60;61
20101009;121;24;30;42;54;84;85;75;9
20101012;122;18;23;31;38;47;51;35;88
20101014;123;9;15;19;38;48;77;75;53
20101016;124;16;31;41;61;65;77;25;34
20101019;125;31;49;54;57;80;88;22;25
20101021;126;3;13;33;42;56;85;68;71
20101023;127;12;26;46;69;72;87;18;71
20101026;128;30;32;49;53;72;84;86;44
20101028;129;16;29;32;53;61;72;88;23
20101030;130;4;26;40;54;55;67;41;78
20101102;131;31;39;53;56;68;90;66;18
20101104;132;1;10;47;50;52;74;23;18
20101106;133;13;35;41;44;59;79;74;84
20101109;134;23;37;41;51;62;74;33;43
20101111;135;28;49;50;54;66;68;77;63
20101113;136;2;34;45;47;54;74;48;20
20101116;137;26;38;40;66;76;81;33;50
20101118;138;23;32;33;47;63;81;77;67
20101120;139;5;7;46;65;73;82;1;20
20101123;140;46;54;65;70;82;85;23;37
20101125;141;5;14;48;52;57;90;61;50
20101127;142;21;38;41;43;52;77;5;41
20101130;143;19;20;32;64;87;89;69;37
20101202;144;10;35;39;57;61;75;12;11
20101204;145;16;20;36;39;42;51;80;61
20101207;146;27;31;45;61;74;79;70;22
20101209;147;12;32;54;60;89;90;71;25
20101211;148;3;17;35;52;69;83;68;5
20101214;149;3;17;48;76;77;90;83;3
20101216;150;9;15;27;54;76;86;56;8
20101218;151;30;38;52;63;74;89;10;36
20101221;152;8;9;19;48;51;81;26;50
20101223;153;5;12;16;44;71;75;21;28
20101227;154;4;39;62;67;69;78;65;5
20101228;155;1;4;21;56;69;75;59;10
20101230;156;5;29;35;39;41;45;46;44
20110103;1;4;7;12;20;74;89;76;9
20110104;2;1;12;21;31;39;49;25;51
20110107;3;14;25;44;54;78;89;66;49
20110108;4;26;68;73;75;76;86;71;83
20110111;5;12;13;31;69;71;77;49;18
20110113;6;15;17;34;59;83;86;23;49
20110115;7;5;8;37;77;79;90;9;63
20110118;8;10;50;55;61;87;90;26;42
20110120;9;4;23;35;54;72;88;74;43
20110122;10;6;8;15;52;67;86;42;45
20110125;11;3;12;13;15;43;46;11;37
20110127;12;1;11;27;45;49;61;80;49
20110129;13;11;35;58;64;68;72;26;31
20110201;14;22;30;43;62;70;71;50;88
20110203;15;20;25;37;45;49;63;73;37
20110205;16;25;32;43;52;65;78;88;39
20110208;17;10;11;20;41;55;83;1;67
20110210;18;1;47;54;81;84;89;22;57
20110212;19;1;3;19;23;61;78;36;16
20110215;20;25;40;63;78;82;85;88;80
20110217;21;10;17;18;25;45;84;21;73
20110219;22;27;44;48;57;77;83;47;78
20110222;23;2;3;38;42;56;74;23;88
20110224;24;2;25;50;63;76;85;77;74
20110226;25;16;18;20;26;32;35;8;11
20110301;26;9;32;42;55;71;90;86;31
20110303;27;12;41;64;75;82;84;34;29
20110305;28;3;12;38;50;54;55;19;74
20110308;29;22;28;32;57;58;85;50;8
20110310;30;7;14;21;47;58;71;43;61
20110312;31;22;26;42;44;58;83;59;24
20110315;32;6;25;62;80;85;86;57;44
20110318;33;6;16;35;52;53;69;49;66
20110319;34;10;21;43;47;58;85;2;49
20110322;35;2;32;49;52;54;80;90;60
20110324;36;7;13;19;65;86;88;46;68
20110326;37;37;38;56;62;70;83;88;15
20110329;38;2;11;37;45;48;66;22;15
20110331;39;3;25;43;55;72;80;85;88
20110402;40;8;14;20;36;45;85;26;70
20110405;41;5;30;31;55;57;70;84;62
20110407;42;21;22;46;56;63;66;34;85
20110409;43;12;13;17;38;74;87;18;21
20110412;44;29;37;50;62;70;86;27;62
20110414;45;24;26;43;71;79;80;7;23
20110416;46;9;17;29;37;49;68;70;53
20110419;47;9;12;21;34;64;67;1;70
20110421;48;8;14;23;25;45;69;78;78
20110423;49;6;34;35;54;62;84;45;26
20110426;50;14;32;56;72;78;79;27;55
20110428;51;38;42;45;69;86;90;63;47
20110430;52;15;29;36;48;74;83;45;60
20110503;53;30;40;51;52;54;74;72;12
20110505;54;21;31;33;40;50;52;62;89
20110507;55;3;4;22;43;65;67;10;33
20110510;56;12;35;75;76;82;84;17;18
20110512;57;1;3;6;21;85;90;58;46
20110514;58;2;21;22;56;70;81;44;51
20110517;59;28;41;55;69;79;82;35;61
20110519;60;5;24;32;78;80;83;40;16
20110521;61;8;12;18;31;32;85;73;69
20110524;62;65;72;74;79;87;90;30;23
20110526;63;20;24;31;38;54;72;27;52
20110528;64;15;16;79;80;84;88;83;38
20110531;65;1;10;62;69;78;85;30;27
20110603;66;14;16;24;30;34;72;17;86
20110604;67;21;44;46;49;58;67;88;59
20110607;68;5;20;44;51;54;90;63;43
20110609;69;10;17;21;35;36;76;83;73
20110611;70;11;29;39;41;43;55;83;22
20110614;71;40;44;49;57;58;87;1;28
20110616;72;18;48;57;59;84;87;6;43
20110618;73;19;22;25;67;74;89;1;18
20110621;74;2;41;62;75;79;87;3;61
20110623;75;11;27;47;50;58;82;22;8
20110625;76;11;17;35;42;71;76;82;30
20110628;77;5;6;29;43;66;74;47;48
20110630;78;7;20;35;37;57;70;42;31
20110702;79;6;9;11;19;45;51;69;20
20110705;80;2;6;7;51;57;71;10;49
20110707;81;1;2;34;54;79;88;45;53
20110709;82;11;22;42;49;58;89;78;22
20110712;83;7;27;28;45;57;75;24;18
20110714;84;21;35;51;68;81;90;13;6
20110716;85;17;20;38;51;53;74;5;79
20110719;86;35;43;56;58;71;90;40;34
20110721;87;9;13;31;35;45;79;62;88
20110723;88;36;42;63;77;81;86;78;65
20110726;89;6;38;50;63;65;74;11;76
20110728;90;21;23;25;65;67;78;40;63
20110730;91;9;33;36;54;60;86;28;65
20110802;92;1;5;32;49;69;72;89;28
20110804;93;3;10;18;42;67;90;80;1
20110806;94;18;21;58;65;89;90;62;67
20110809;95;30;41;55;68;76;82;70;58
20110811;96;8;17;51;60;63;79;22;49
20110813;97;14;31;37;49;74;78;76;2
20110816;98;2;6;27;29;38;55;26;58
20110818;99;18;23;34;37;67;68;87;44
20110820;100;18;26;29;78;79;80;49;56
20110823;101;2;34;42;43;58;76;52;47
20110825;102;18;38;39;45;57;90;69;13
20110827;103;9;43;50;51;57;83;27;50
20110830;104;12;23;32;35;52;55;75;51
20110901;105;8;12;26;44;48;50;68;46
20110903;106;3;5;9;41;58;62;82;11
20110906;107;14;15;21;41;60;63;37;8
20110908;108;20;45;61;67;80;88;16;15
20110910;109;2;8;9;29;53;75;83;63
20110913;110;61;64;74;75;80;87;38;28
20110915;111;6;19;30;45;52;89;7;80
20110917;112;13;45;70;72;81;84;71;50
20110920;113;7;23;39;48;69;75;83;68
20110922;114;4;6;27;37;45;58;84;1
20110924;115;4;23;56;71;76;78;73;1
20110927;116;18;28;35;52;57;75;83;68
20110929;117;11;26;41;45;75;77;46;60
20111001;118;3;5;13;54;58;85;90;24
20111004;119;1;8;41;68;69;73;50;27
20111006;120;5;8;11;47;56;63;87;12
20111008;121;1;26;45;58;66;88;34;2
20111011;122;23;36;41;43;83;90;17;89
20111013;123;9;19;27;53;78;81;39;88
20111015;124;33;40;44;54;64;85;12;41
20111018;125;1;19;29;60;76;77;2;67
20111020;126;7;11;21;34;69;88;76;72
20111022;127;9;15;22;56;61;86;24;8
20111025;128;13;21;24;39;44;60;66;73
20111027;129;2;41;63;64;67;73;76;70
20111029;130;8;16;23;24;71;77;40;60
20111102;131;5;14;41;48;59;90;6;31
20111103;132;52;55;65;75;79;81;88;29
20111105;133;23;44;46;59;74;80;67;40
20111108;134;23;52;71;74;78;86;54;4
20111110;135;8;13;24;39;57;77;21;56
20111112;136;25;32;46;58;74;79;73;40
20111115;137;18;21;36;38;45;62;85;83
20111117;138;12;25;30;33;38;84;47;39
20111119;139;13;24;52;53;88;90;1;79
20111122;140;11;16;17;25;61;72;18;48
20111124;141;3;33;62;69;75;79;2;73
20111126;142;26;29;35;81;82;87;56;37
20111129;143;13;24;29;37;55;67;47;62
20111201;144;4;10;29;41;54;74;14;25
20111203;145;7;13;16;42;67;68;83;11
20111206;146;1;4;10;24;55;90;60;2
20111209;147;1;49;51;60;83;84;72;56
20111210;148;28;31;48;56;72;78;65;34
20111213;149;10;26;31;36;72;85;61;3
20111215;150;7;37;40;53;55;62;58;23
20111217;151;2;28;37;56;77;79;85;12
20111220;152;21;28;56;63;68;88;86;50
20111222;153;36;37;44;62;75;90;61;40
20111224;154;16;41;46;53;86;87;24;89
20111227;155;6;9;21;24;30;47;87;74
20111229;156;15;20;42;43;47;83;26;80
20111231;157;2;3;9;30;33;56;11;32
20120103;1;35;47;54;68;71;78;33;79
20120105;2;10;11;12;24;56;71;38;28
20120107;3;7;15;60;72;77;90;13;48
20120110;4;14;22;27;28;34;66;69;23
20120112;5;20;49;53;63;73;84;88;49
20120114;6;4;12;15;37;53;83;41;65
20120117;7;9;27;32;51;53;71;62;82
20120119;8;24;41;44;56;73;90;60;66
20120121;9;12;19;33;38;62;80;84;12
20120124;10;27;32;55;68;72;75;84;61
20120126;11;13;16;22;30;52;87;42;37
20120128;12;2;17;25;50;52;84;28;35
20120131;13;16;23;28;33;43;86;30;51
20120202;14;25;37;43;50;58;60;89;6
20120204;15;1;17;30;43;67;82;2;40
20120207;16;27;30;69;75;81;83;68;36
20120209;17;43;51;54;71;73;85;25;56
20120211;18;23;30;46;64;70;86;31;26
20120214;19;12;25;41;79;86;88;37;66
20120216;20;5;21;23;41;74;84;81;48
20120218;21;8;21;39;56;74;81;19;30
20120221;22;28;29;30;39;75;87;65;16
20120223;23;20;28;56;62;63;76;35;31
20120225;24;14;30;64;75;79;89;31;11
20120228;25;25;34;43;57;67;77;3;73
20120301;26;6;14;19;26;51;53;83;31
20120303;27;16;19;31;46;69;74;62;82
20120306;28;31;42;49;51;68;79;70;69
20120308;29;23;37;47;79;80;83;53;46
20120310;30;1;8;40;54;69;81;61;53
20120313;31;15;17;53;67;75;81;37;18
20120315;32;1;13;14;34;67;83;61;17
20120317;33;12;23;54;68;84;89;86;76
20120320;34;21;39;44;49;65;87;54;57
20120322;35;6;21;37;55;84;88;89;53
20120324;36;39;45;49;66;75;80;77;74
20120327;37;9;26;27;40;51;69;11;8
20120329;38;11;45;50;54;57;62;18;62
20120331;39;11;23;38;47;57;83;61;38
20120403;40;11;34;55;63;87;89;6;83
20120405;41;10;37;44;56;60;89;7;25
20120407;42;37;46;54;55;65;87;1;59
20120410;43;9;22;41;49;52;53;77;36
20120412;44;15;25;34;54;70;88;33;45
20120414;45;5;22;24;36;85;86;29;2
20120417;46;6;28;39;46;60;78;57;56
20120419;47;12;26;27;47;63;77;3;45
20120421;48;9;11;33;69;73;82;44;48
20120424;49;24;28;54;68;78;81;74;26
20120426;50;19;61;62;65;85;89;67;39
20120428;51;6;11;34;51;59;82;75;6
20120502;52;9;22;61;67;84;85;6;36
20120503;53;8;16;25;28;57;68;55;10
20120505;54;13;14;19;57;77;79;65;52
20120508;55;13;19;35;38;52;64;57;66
20120510;56;6;16;30;53;60;71;86;11
20120512;57;10;45;58;66;83;85;51;20
20120515;58;5;38;56;76;77;89;71;64
20120517;59;14;38;41;58;65;75;86;70
20120519;60;1;23;27;33;37;85;56;16
20120522;61;1;6;31;45;58;85;55;81
20120524;62;10;29;32;43;56;90;71;84
20120526;63;3;33;51;55;73;84;47;88
20120529;64;38;39;42;49;55;81;2;10
20120531;65;12;25;66;72;75;89;6;57
20120604;66;8;16;20;23;47;56;50;79
20120605;67;15;29;38;44;67;74;63;2
20120607;68;32;58;63;70;75;81;4;59
20120609;69;31;34;52;54;78;82;74;81
20120612;70;20;30;47;69;77;83;86;17
20120614;71;3;13;39;40;49;75;24;26
20120616;72;1;9;37;69;71;83;48;40
20120619;73;52;62;65;77;87;90;13;31
20120621;74;9;24;39;48;69;75;36;80
20120623;75;2;6;26;42;55;86;3;15
20120626;76;13;30;46;48;70;88;10;9
20120628;77;6;20;25;42;57;80;49;63
20120630;78;17;20;21;39;44;89;75;83
20120703;79;2;12;17;60;63;78;61;56
20120705;80;15;59;64;65;76;79;17;26
20120707;81;15;25;26;53;74;76;28;25
20120710;82;19;32;33;66;75;78;21;36
20120712;83;40;42;54;66;77;86;39;47
20120714;84;27;38;70;75;78;82;69;28
20120717;85;8;28;35;53;57;61;36;14
20120719;86;5;36;51;55;69;79;48;86
20120721;87;22;24;49;58;72;85;25;52
20120724;88;2;45;55;77;84;88;65;7
20120726;89;11;18;30;59;76;77;5;54
20120728;90;9;17;67;68;80;81;1;87
20120731;91;29;82;83;84;87;89;13;49
20120802;92;2;8;55;66;73;83;32;83
20120804;93;12;35;47;56;74;87;67;13
20120807;94;24;50;57;62;72;77;38;75
20120809;95;19;30;32;39;47;71;35;42
20120811;96;4;11;13;42;54;75;82;50
20120814;97;19;22;23;28;41;74;61;84
20120816;98;38;39;46;74;85;89;82;21
20120818;99;3;5;11;34;43;49;2;24
20120821;100;35;42;62;67;76;78;49;85
20120823;101;5;27;36;40;46;64;4;52
20120825;102;7;38;66;67;71;88;43;40
20120828;103;15;27;30;34;75;80;70;71
20120830;104;17;20;22;40;52;62;14;43
20120901;105;6;20;31;33;63;74;75;57
20120904;106;34;42;58;60;82;83;72;28
20120906;107;16;29;39;49;59;64;18;41
20120908;108;5;13;31;42;43;73;60;21
20120911;109;8;33;42;44;48;89;43;9
20120913;110;12;26;27;46;65;77;15;50
20120915;111;21;23;32;35;36;72;4;68
20120918;112;3;10;18;25;50;68;66;45
20120920;113;10;17;50;65;75;86;57;8
20120922;114;1;28;29;68;84;85;27;81
20120925;115;21;23;33;46;61;76;10;32
20120927;116;3;8;10;31;77;79;61;58
20120929;117;6;7;33;53;64;90;38;17
20121002;118;36;52;69;71;78;84;1;16
20121004;119;21;25;47;62;79;87;37;51
20121006;120;13;40;41;56;82;87;74;47
20121009;121;6;9;37;67;83;88;26;19
20121011;122;16;34;50;58;80;90;33;71
20121013;123;14;17;38;58;60;81;79;57
20121016;124;1;20;24;27;46;60;18;1
20121018;125;7;41;56;61;68;84;89;6
20121020;126;2;5;28;36;69;81;29;61
20121023;127;45;50;65;67;78;79;43;77
20121025;128;15;23;51;52;77;90;19;19
20121027;129;15;33;34;43;49;75;9;13
20121030;130;10;32;46;61;70;75;73;13
20121103;131;1;4;8;47;74;87;26;69
20121105;132;7;14;15;17;57;66;8;38
20121106;133;18;20;22;76;82;84;89;57
20121108;134;9;31;39;44;72;81;67;16
20121110;135;1;34;46;51;60;75;23;18
20121113;136;3;20;57;62;79;84;61;72
20121115;137;12;24;53;66;74;83;86;69
20121117;138;8;10;39;60;77;84;23;90
20121120;139;9;11;29;41;67;70;69;1
20121122;140;20;25;51;59;77;88;37;13
20121124;141;12;26;34;42;48;63;33;42
20121127;142;5;13;56;65;78;82;74;58
20121129;143;1;13;17;29;54;63;60;28
20121201;144;6;20;25;45;56;60;48;66
20121204;145;19;33;35;42;49;83;9;24
20121206;146;15;18;47;70;74;89;62;88
20121210;147;11;28;38;49;66;77;2;79
20121211;148;6;8;10;11;16;61;26;87
20121213;149;9;25;48;61;73;82;16;84
20121215;150;15;26;35;39;53;59;11;66
20121218;151;22;56;60;62;79;87;61;2
20121220;152;6;19;26;27;52;65;32;48
20121222;153;24;50;53;59;80;85;32;3
20121224;154;6;22;31;37;38;51;35;50
20121227;155;28;52;57;71;81;87;7;28
20121229;156;31;39;51;84;86;89;45;48
20130102;1;10;11;43;54;61;83;87;39
20130103;2;12;14;41;51;69;90;15;82
20130105;3;3;11;38;59;67;74;31;2
20130108;4;28;32;52;74;79;80;15;11
20130110;5;1;16;22;54;73;76;62;83
20130112;6;9;12;13;30;48;86;72;20
20130115;7;12;24;40;42;70;84;76;82
20130117;8;25;34;38;69;83;86;4;30
20130119;9;1;6;23;52;58;65;84;51
20130122;10;8;51;52;60;83;88;78;13
20130124;11;15;17;47;53;64;80;30;86
20130126;12;10;12;27;39;78;84;71;35
20130129;13;6;12;18;22;25;82;42;25
20130131;14;37;42;47;49;53;63;16;75
20130202;15;9;18;39;63;64;85;74;84
20130205;16;7;13;49;71;80;88;62;13
20130207;17;4;5;55;77;80;81;3;81
20130209;18;4;11;32;51;66;81;26;49
20130212;19;6;21;41;72;73;80;52;14
20130214;20;24;32;44;60;64;76;25;76
20130216;21;6;32;35;43;53;69;82;8
20130219;22;3;34;37;55;82;90;61;46
20130221;23;4;16;35;57;69;88;87;21
20130223;24;1;11;21;50;67;75;52;34
20130226;25;20;25;51;59;84;90;10;42
20130228;26;4;24;62;66;76;84;27;19
20130302;27;16;49;59;67;71;82;78;88
20130305;28;32;34;39;52;59;61;11;37
20130307;29;26;32;42;46;78;82;7;21
20130309;30;13;22;36;64;80;84;37;69
20130312;31;7;10;22;23;41;77;49;80
20130314;32;27;35;47;57;85;89;68;35
20130316;33;19;41;43;48;73;81;1;57
20130319;34;21;39;71;76;89;90;78;33
20130321;35;9;27;47;58;62;71;72;23
20130323;36;29;42;45;58;67;86;59;36
20130326;37;15;37;46;52;64;89;7;73
20130328;38;12;27;54;68;73;76;89;25
20130330;39;17;42;52;71;74;90;87;48
20130402;40;4;12;33;52;85;87;35;70
20130404;41;3;4;31;52;66;84;24;35
20130406;42;5;8;73;84;87;88;82;39
20130409;43;25;44;45;52;68;81;10;49
20130411;44;1;47;66;67;78;90;83;49
20130413;45;26;33;43;49;61;76;78;33
20130416;46;21;30;35;36;83;89;73;69
20130418;47;27;30;35;39;49;69;56;62
20130420;48;29;33;67;75;83;86;40;19
20130423;49;1;13;37;53;62;63;27;11
20130427;50;1;2;11;56;57;75;46;37
20130429;51;2;6;53;54;68;89;21;61
20130430;52;5;35;38;75;82;86;12;60
20130502;53;19;32;33;57;65;75;29;80
20130504;54;6;31;63;74;75;85;86;13
20130507;55;19;37;54;65;67;70;75;46
20130509;56;13;16;20;21;25;65;69;64
20130511;57;10;42;48;67;83;84;4;4
20130514;58;35;41;47;74;77;85;40;55
20130516;59;3;16;22;39;49;71;33;20
20130518;60;14;20;24;36;40;81;17;15
20130521;61;6;32;48;53;54;87;63;73
20130523;62;14;22;36;53;59;66;11;77
20130525;63;6;27;34;55;62;87;51;32
20130528;64;26;35;47;66;67;80;11;24
20130530;65;29;43;61;62;77;79;85;55
20130601;66;8;21;25;54;84;85;51;73
20130604;67;3;27;34;62;81;88;35;81
20130606;68;34;36;47;64;73;78;25;67
20130608;69;5;10;31;53;56;61;21;19
20130611;70;2;21;37;39;41;64;63;79
20130613;71;1;5;6;39;41;70;10;27
20130615;72;15;19;33;35;62;68;40;54
20130618;73;8;24;32;34;65;86;23;40
20130620;74;15;24;32;52;68;71;75;26
20130622;75;2;19;25;59;84;88;61;24
20130625;76;6;16;40;61;64;82;19;42
20130627;77;12;22;27;37;52;87;35;18
20130629;78;17;22;54;69;82;88;9;1
20130702;79;3;4;18;29;64;90;52;15
20130704;80;9;41;46;47;53;77;3;54
20130706;81;4;9;24;64;74;76;40;89
20130709;82;17;36;48;55;63;70;28;21
20130711;83;14;15;34;55;59;81;46;10
20130713;84;23;49;52;65;67;76;61;84
20130716;85;22;29;57;72;85;89;49;36
20130718;86;16;19;24;37;63;85;38;49
20130720;87;2;16;20;26;31;33;64;46
20130723;88;11;14;39;63;73;75;29;86
20130725;89;33;38;41;43;46;57;53;20
20130727;90;17;19;40;43;72;84;48;35
20130730;91;16;47;55;57;70;85;19;83
20130801;92;8;21;24;25;27;75;34;51
20130803;93;15;16;34;74;85;87;65;80
20130806;94;14;16;32;35;41;50;1;12
20130808;95;2;14;42;52;75;79;53;14
20130810;96;5;33;47;61;64;70;29;32
20130813;97;1;33;41;78;83;84;72;57
20130817;98;20;21;24;43;76;89;83;60
20130819;99;3;5;11;14;38;79;29;26
20130820;100;4;11;15;26;58;68;16;39
20130822;101;19;21;30;59;61;89;25;7
20130824;102;1;2;5;27;39;49;31;14
20130827;103;6;44;63;64;72;82;12;90
20130829;104;19;54;55;71;80;84;81;73
20130831;105;11;20;50;62;70;85;59;1
20130903;106;1;7;56;70;88;90;83;87
20130905;107;15;23;45;70;81;82;16;44
20130907;108;41;55;72;78;83;87;77;61
20130910;109;35;44;57;58;87;88;22;69
20130912;110;7;44;48;51;64;83;90;51
20130914;111;20;35;45;47;72;78;59;31
20130917;112;1;21;34;44;49;90;37;74
20130919;113;15;21;28;75;81;86;38;82
20130921;114;36;61;75;81;82;89;14;75
20130924;115;1;27;33;36;43;86;42;3
20130926;116;4;38;42;57;64;75;84;9
20130928;117;28;57;61;69;78;83;86;44
20131001;118;16;21;26;64;66;78;50;78
20131003;119;7;14;42;43;56;57;64;82
20131005;120;2;5;8;65;74;77;86;16
20131008;121;1;31;39;60;62;84;26;55
20131010;122;3;7;12;20;48;55;26;48
20131012;123;10;19;20;39;85;87;46;23
20131015;124;22;36;60;64;71;80;47;27
20131017;125;11;18;40;58;81;87;62;32
20131019;126;12;30;36;44;54;60;40;16
20131022;127;2;5;34;56;72;73;11;61
20131024;128;1;3;5;41;62;76;21;23
20131026;129;24;48;50;62;63;87;12;74
20131029;130;12;23;49;53;67;83;13;59
20131031;131;13;18;26;37;46;48;42;62
20131102;132;1;12;67;75;81;90;76;66
20131105;133;4;9;10;76;78;87;66;16
20131107;134;9;19;21;50;61;82;71;68
20131109;135;10;22;39;55;81;89;43;58
20131112;136;16;26;30;52;57;83;61;7
20131114;137;23;45;54;61;69;75;52;29
20131116;138;16;36;54;55;63;69;85;20
20131119;139;14;15;39;47;53;76;67;45
20131121;140;28;37;52;57;64;66;43;58
20131123;141;6;10;19;71;72;89;52;77
20131126;142;20;25;30;45;75;79;15;84
20131128;143;31;51;55;66;73;78;88;22
20131130;144;10;11;35;42;52;89;84;58
20131203;145;12;40;42;66;73;80;30;63
20131205;146;28;34;42;68;71;88;7;21
20131207;147;2;16;42;67;75;87;89;75
20131210;148;10;16;20;57;65;89;5;22
20131212;149;10;19;32;49;53;66;16;52
20131214;150;5;33;44;46;66;76;81;76
20131217;151;12;22;27;43;60;72;8;73
20131219;152;10;23;27;39;70;82;65;35
20131221;153;2;14;17;21;22;26;78;77
20131223;154;15;43;48;54;55;76;79;89
20131224;155;10;39;45;65;74;86;60;17
20131228;156;39;52;69;70;74;82;40;80
20131231;157;25;60;62;76;82;87;8;47
20140102;1;49;55;57;64;70;77;85;45
20140104;2;19;26;30;47;69;81;90;30
20140107;3;14;47;48;58;60;69;26;41
20140109;4;15;17;24;41;70;87;71;7
20140111;5;11;37;39;52;68;90;12;56
20140114;6;4;7;25;74;82;87;3;33
20140116;7;3;18;34;37;40;47;55;85
20140118;8;14;18;38;41;74;78;58;70
20140121;9;5;23;35;54;56;62;53;88
20140123;10;3;6;12;13;19;67;39;24
20140125;11;22;34;53;59;62;88;36;57
20140128;12;9;17;27;29;59;67;34;70
20140130;13;7;21;28;45;59;90;74;65
20140201;14;3;6;41;44;48;73;84;46
20140204;15;3;12;25;33;59;85;77;12
20140206;16;9;12;14;61;79;90;26;63
20140208;17;8;16;41;52;64;74;81;62
20140211;18;12;27;38;43;65;67;71;9
20140213;19;9;11;17;20;33;75;32;46
20140215;20;18;31;62;64;72;77;69;49
20140218;21;15;36;49;62;75;82;39;23
20140220;22;14;26;47;63;78;80;37;68
20140222;23;17;19;28;34;38;82;40;62
20140225;24;26;51;52;54;70;88;65;45
20140227;25;19;32;54;59;68;86;45;53
20140301;26;7;8;47;56;79;90;9;18
20140304;27;40;46;51;61;65;76;71;65
20140306;28;15;61;66;67;76;79;68;40
20140308;29;35;45;50;51;82;87;30;38
20140311;30;49;51;53;56;58;81;12;37
20140313;31;10;28;40;57;58;78;60;33
20140315;32;1;5;22;24;41;43;38;71
20140318;33;38;39;46;58;66;83;55;44
20140320;34;15;18;28;49;51;77;65;70
20140322;35;19;22;31;38;87;89;46;49
20140325;36;28;36;42;70;74;78;32;5
20140327;37;8;12;47;64;83;88;41;56
20140329;38;12;21;57;68;86;88;82;21
20140401;39;7;56;66;72;73;90;78;73
20140403;40;40;47;59;64;79;89;66;18
20140405;41;9;31;33;37;79;86;12;50
20140408;42;11;61;64;76;82;87;15;76
20140410;43;22;25;46;52;54;65;51;61
20140412;44;14;29;34;62;65;89;63;31
20140415;45;3;26;33;44;48;49;57;70
20140417;46;11;20;51;63;68;88;28;40
20140419;47;42;45;56;75;79;90;88;17
20140422;48;14;16;21;24;62;78;1;75
20140424;49;5;7;11;67;70;85;20;17
20140426;50;3;9;13;25;42;81;24;5
20140429;51;27;33;40;52;76;86;62;17
20140503;52;15;33;45;60;72;85;44;60
20140505;53;27;44;46;50;54;69;36;15
20140506;54;1;3;4;60;70;73;57;36
20140508;55;6;9;54;70;78;79;22;90
20140510;56;8;39;40;57;69;81;28;88
20140513;57;3;5;16;54;58;68;82;41
20140515;58;20;47;56;64;66;67;24;24
20140517;59;5;31;36;68;75;90;52;35
20140520;60;10;17;41;45;69;78;2;32
20140522;61;8;23;48;56;59;78;6;77
20140524;62;3;22;38;70;77;81;32;22
20140527;63;32;37;52;53;66;83;87;38
20140529;64;27;32;33;52;73;84;63;10
20140531;65;1;6;7;10;14;56;16;49
20140603;66;3;25;26;29;48;79;56;45
20140605;67;11;31;43;70;74;80;65;72
20140607;68;12;18;39;46;56;63;3;16
20140610;69;27;29;30;42;48;73;11;5
20140612;70;13;18;19;27;50;69;68;37
20140614;71;3;31;45;48;71;76;75;70
20140617;72;21;29;43;53;66;89;4;14
20140619;73;16;19;24;36;39;81;25;69
20140621;74;14;61;69;79;81;85;32;7
20140624;75;3;22;31;42;73;88;60;13
20140626;76;8;43;61;62;70;86;80;8
20140628;77;17;20;41;42;49;81;48;25
20140701;78;31;35;48;64;65;89;58;90
20140703;79;1;13;21;25;61;63;69;6
20140705;80;15;31;38;47;55;82;62;49
20140708;81;5;8;32;43;59;85;89;80
20140710;82;3;11;18;30;51;85;7;56
20140712;83;11;20;48;52;70;74;49;36
20140715;84;5;15;17;31;32;40;41;38
20140717;85;6;11;12;28;59;79;4;54
20140719;86;29;48;49;54;75;87;43;40
20140722;87;7;32;58;60;66;69;25;50
20140724;88;4;12;13;55;73;86;79;89
20140726;89;1;10;26;28;29;62;52;87
20140729;90;32;45;56;74;87;89;25;26
20140731;91;14;19;22;66;80;90;47;28
20140802;92;29;38;54;58;72;86;81;65
20140805;93;2;19;22;41;77;89;90;4
20140807;94;10;29;50;59;79;80;11;39
20140809;95;9;10;26;53;68;72;60;66
20140812;96;11;24;34;39;68;86;85;13
20140814;97;4;12;24;61;73;75;56;9
20140816;98;31;63;64;68;69;71;13;80
20140819;99;15;30;62;63;67;74;13;9
20140821;100;4;31;52;73;76;84;27;78
20140823;101;16;45;51;58;60;71;8;77
20140826;102;1;20;44;56;59;69;25;36
20140828;103;22;39;51;78;83;84;59;71
20140830;104;23;38;43;46;60;75;79;31
20140902;105;6;20;27;31;32;36;88;4
20140904;106;31;39;41;53;67;83;15;47
20140906;107;26;33;53;61;73;82;23;21
20140909;108;12;20;26;41;70;78;83;27
20140911;109;13;14;56;58;79;82;41;34
20140913;110;7;20;25;51;65;87;58;50
20140916;111;1;15;16;23;24;52;83;51
20140918;112;11;19;37;41;62;77;4;45
20140920;113;15;36;39;50;57;76;89;4
20140923;114;6;25;42;59;78;89;33;11
20140925;115;4;45;59;77;78;79;56;1
20140927;116;1;9;12;14;58;84;10;7
20140930;117;28;33;49;55;59;76;47;85
20141002;118;3;9;42;50;56;88;90;46
20141004;119;2;6;11;62;70;71;17;58
20141007;120;7;15;17;18;26;53;59;29
20141009;121;17;20;26;41;45;89;59;48
20141011;122;6;11;28;43;56;83;50;1
20141014;123;19;21;38;45;51;69;1;9
20141016;124;6;9;24;49;78;79;45;18
20141018;125;20;40;44;53;66;72;73;44
20141021;126;18;34;41;43;46;55;82;5
20141023;127;7;21;44;53;59;64;57;12
20141025;128;8;28;44;57;85;88;80;33
20141028;129;26;30;32;36;44;61;57;56
20141030;130;22;39;45;53;74;86;15;77
20141103;131;7;9;32;35;40;48;62;32
20141104;132;13;18;23;29;58;88;44;2
20141106;133;46;58;59;82;88;90;45;86
20141108;134;21;33;69;73;81;84;51;43
20141111;135;23;27;39;41;52;64;61;59
20141113;136;2;38;47;50;55;79;87;41
20141115;137;28;42;62;64;79;80;18;61
20141118;138;38;58;65;66;72;88;34;40
20141120;139;42;45;48;56;68;83;82;4
20141122;140;22;25;55;58;82;85;62;85
20141125;141;17;36;62;67;70;87;68;6
20141127;142;13;18;26;53;54;70;45;54
20141129;143;3;14;35;63;73;80;62;42
20141202;144;9;25;35;59;76;81;85;14
20141204;145;7;52;57;65;83;85;84;16
20141206;146;10;11;21;54;73;82;66;58
20141209;147;2;23;35;46;47;63;60;55
20141211;148;20;22;24;25;48;79;42;80
20141213;149;12;13;19;37;64;70;80;8
20141216;150;15;35;45;69;82;84;76;29
20141218;151;19;28;48;52;82;89;11;37
20141220;152;1;13;24;26;29;77;60;6
20141223;153;18;22;55;58;62;89;51;10
20141224;154;33;46;53;58;73;85;80;26
20141227;155;15;25;31;39;82;88;74;4
20141230;156;5;24;51;76;77;79;8;63
20150103;1;14;26;31;40;58;68;76;45
20150105;2;16;37;48;68;84;90;11;12
20150107;3;9;16;19;26;28;46;71;16
20150108;4;6;9;29;41;50;90;13;32
20150110;5;2;13;22;37;48;90;8;78
20150113;6;9;10;36;67;76;83;72;76
20150115;7;2;5;7;12;23;42;9;9
20150117;8;18;22;31;54;71;80;52;43
20150120;9;2;11;15;39;84;87;52;1
20150122;10;11;12;44;57;77;89;76;41
20150124;11;22;23;24;59;63;81;44;82
20150127;12;5;10;47;59;66;73;53;21
20150129;13;27;29;58;64;67;80;54;73
20150131;14;8;44;54;58;59;86;73;50
20150203;15;12;29;43;56;60;75;10;59
20150205;16;7;8;10;45;49;53;20;49
20150207;17;24;27;38;40;56;81;66;3
20150210;18;30;59;72;74;77;78;9;27
20150212;19;25;32;44;56;77;87;28;44
20150214;20;13;31;32;57;60;79;90;10
20150217;21;20;27;40;60;61;66;11;69
20150219;22;23;35;44;49;66;84;2;75
20150221;23;5;16;33;48;57;87;79;5
20150224;24;6;29;56;72;82;83;76;24
20150226;25;17;41;44;57;73;86;24;68
20150228;26;5;10;34;48;56;87;23;40
20150303;27;16;26;48;61;63;87;81;17
20150305;28;35;44;62;74;82;90;68;19
20150307;29;26;36;56;68;73;81;62;5
20150310;30;9;19;68;70;71;81;39;37
20150312;31;7;36;38;63;73;90;78;67
20150314;32;28;30;39;46;68;89;5;3
20150317;33;10;13;21;36;66;69;73;46
20150319;34;5;7;20;38;57;85;23;8
20150321;35;4;7;9;19;55;58;83;40
20150324;36;8;17;29;32;65;90;81;37
20150326;37;10;21;40;46;79;84;35;62
20150328;38;5;22;60;71;74;81;88;31
20150331;39;3;15;23;33;46;78;54;5
20150402;40;33;36;61;66;83;85;20;81
20150404;41;11;38;44;48;56;83;28;90
20150407;42;4;18;20;68;72;77;21;41
20150409;43;7;25;30;44;47;68;53;4
20150411;44;26;54;55;73;86;90;3;19
20150414;45;36;45;56;79;81;90;52;44
20150416;46;37;38;43;69;79;86;72;53
20150418;47;10;11;18;36;47;85;48;6
20150421;48;4;17;52;59;67;84;88;13
20150423;49;8;13;27;34;47;83;6;22
20150427;50;8;26;39;56;78;85;49;3
20150428;51;10;41;59;61;65;71;8;37
20150430;52;18;28;31;33;55;78;81;8
20150502;53;6;34;45;46;59;73;35;56
20150505;54;7;31;33;78;86;87;72;88
20150507;55;12;32;43;46;58;77;18;1
20150509;56;31;40;52;55;62;76;17;44
20150512;57;10;19;48;78;85;90;22;42
20150514;58;19;25;42;51;55;56;24;75
20150516;59;3;32;39;65;75;76;51;57
20150519;60;6;20;43;44;46;67;85;52
20150521;61;17;21;23;51;65;87;53;48
20150523;62;4;24;29;31;39;71;19;14
20150526;63;6;9;21;69;77;78;90;80
20150528;64;6;33;57;61;80;83;53;18
20150530;65;13;33;39;56;65;86;52;75
20150603;66;3;28;37;42;67;86;1;79
20150604;67;14;17;23;45;87;88;46;14
20150606;68;16;24;34;40;41;57;13;89
20150609;69;15;21;58;80;82;86;49;64
20150611;70;26;48;52;61;75;79;82;73
20150613;71;19;35;36;38;45;80;17;5
20150616;72;6;28;55;57;78;83;67;16
20150618;73;18;21;28;62;84;90;41;48
20150620;74;6;11;21;65;66;85;23;18
20150623;75;20;24;26;33;42;80;29;34
20150625;76;18;46;63;68;73;79;28;59
20150627;77;17;22;45;48;53;61;26;65
20150630;78;4;11;16;25;34;59;75;84
20150702;79;8;17;30;61;78;88;56;15
20150704;80;8;30;38;51;62;66;14;2
20150707;81;19;25;31;78;83;88;18;86
20150709;82;8;54;59;66;86;89;15;4
20150711;83;8;30;34;39;42;58;80;1
20150714;84;12;17;32;47;74;86;8;23
20150716;85;22;27;29;49;69;87;73;86
20150718;86;22;42;47;62;70;72;90;68
20150721;87;1;21;63;70;79;84;25;24
20150723;88;33;41;44;48;68;75;56;8
20150725;89;2;20;21;40;45;65;15;19
20150728;90;4;26;34;66;67;81;88;26
20150730;91;13;18;25;26;35;61;60;56
20150801;92;2;26;34;58;80;81;23;42
20150804;93;34;53;77;78;83;89;87;83
20150806;94;2;27;36;39;53;79;72;44
20150808;95;3;7;17;26;55;72;41;89
20150811;96;17;25;32;42;71;85;60;45
20150813;97;4;17;34;41;66;78;30;64
20150817;98;1;4;50;70;71;76;84;10
20150818;99;20;30;45;50;76;86;3;1
20150820;100;4;14;31;68;70;74;73;10
20150822;101;6;7;9;14;17;35;27;87
20150825;102;3;18;19;65;81;88;70;74
20150827;103;2;4;12;40;50;80;13;89
20150829;104;7;28;44;55;57;78;14;77
20150901;105;13;30;38;48;50;77;29;64
20150903;106;13;18;19;49;78;87;45;22
20150905;107;24;30;36;42;71;86;32;26
20150908;108;41;50;54;60;75;88;62;26
20150910;109;10;14;15;34;75;88;1;79
20150912;110;11;24;46;48;68;82;5;69
20150915;111;9;17;20;32;35;56;24;19
20150917;112;8;9;42;71;78;79;62;21
20150919;113;9;32;40;49;52;60;5;89
20150922;114;10;26;50;55;62;81;27;65
20150924;115;1;32;36;61;78;80;79;85
20150926;116;1;37;69;74;77;89;28;35
20150929;117;17;25;41;45;57;82;22;38
20151001;118;2;17;21;49;69;74;79;6
20151003;119;2;4;14;31;43;61;11;42
20151006;120;8;11;17;27;62;84;41;20
20151008;121;23;32;33;55;84;90;2;5
20151010;122;32;41;45;47;78;90;59;1
20151013;123;35;36;63;71;75;89;15;90
20151015;124;7;9;16;24;32;40;17;40
20151017;125;4;6;61;63;65;72;9;9
20151020;126;18;34;58;60;64;88;5;80
20151022;127;1;6;32;50;51;81;4;27
20151024;128;9;14;33;38;46;87;2;79
20151027;129;13;15;48;50;74;83;84;50
20151029;130;4;16;40;57;71;84;62;84
20151031;131;6;25;26;52;86;88;61;80
20151103;132;30;41;47;71;79;86;83;78
20151105;133;17;21;29;33;43;62;85;75
20151107;134;2;19;22;46;51;54;83;10
20151110;135;8;31;33;38;66;77;3;61
20151112;136;19;22;31;41;54;87;38;47
20151114;137;19;56;73;84;85;86;2;80
20151117;138;27;29;39;54;59;74;79;25
20151119;139;25;28;44;52;87;89;10;9
20151121;140;13;25;33;53;75;83;38;59
20151124;141;52;54;70;80;82;84;66;82
20151126;142;12;36;45;67;77;88;11;6
20151128;143;20;23;28;51;65;81;87;68
20151201;144;31;39;55;58;85;87;86;70
20151203;145;38;46;53;65;77;84;80;63
20151205;146;1;28;34;42;49;77;65;42
20151209;147;21;54;62;63;82;83;37;25
20151210;148;1;19;20;56;60;83;63;46
20151212;149;18;20;46;47;55;66;75;38
20151215;150;5;30;36;63;84;85;37;48
20151217;151;11;44;56;81;83;87;9;6
20151219;152;7;22;46;50;55;73;14;64
20151222;153;18;22;23;57;60;69;14;6
20151224;154;6;8;24;28;36;63;79;73
20151228;155;5;38;48;52;81;88;65;2
20151229;156;15;20;57;72;76;89;30;22
20151231;157;15;26;29;77;81;90;37;48
20160102;1;1;17;39;41;56;65;18;42
20160105;2;7;20;40;56;60;90;76;51
20160107;3;10;38;61;62;74;86;69;70
20160109;4;20;26;36;50;51;74;83;60
20160112;5;3;9;28;42;50;79;87;27
20160114;6;5;8;17;41;46;87;30;57
20160116;7;11;17;48;52;70;90;29;43
20160119;8;13;18;35;43;51;66;72;27
20160121;9;2;12;32;57;61;81;54;75
20160123;10;4;5;8;14;32;49;18;1
20160126;11;24;45;50;60;63;87;71;80
20160128;12;2;6;15;39;80;83;47;48
20160130;13;13;24;51;68;77;81;76;69
20160202;14;19;38;40;56;65;80;35;1
20160204;15;7;21;31;39;46;69;77;50
20160206;16;10;24;36;63;77;89;81;39
20160209;17;11;26;46;56;58;78;60;71
20160211;18;17;27;45;53;71;74;21;59
20160213;19;2;30;49;66;74;80;33;29
20160216;20;2;10;27;34;38;40;72;46
20160218;21;12;26;30;51;57;89;54;53
20160220;22;29;32;33;49;54;85;16;44
20160223;23;2;14;58;74;80;82;86;10
20160225;24;14;33;52;67;71;81;80;35
20160227;25;19;22;28;48;49;85;78;52
20160301;26;15;20;25;30;45;55;73;24
20160303;27;8;16;29;49;56;62;44;13
20160305;28;6;8;68;77;80;86;27;39
20160308;29;8;27;32;51;52;89;49;24
20160310;30;9;16;18;22;65;71;84;50
20160312;31;29;37;52;67;80;82;68;81
20160315;32;2;4;17;19;38;56;80;23
20160317;33;1;12;65;67;76;86;89;8
20160319;34;18;41;51;56;72;76;68;61
20160322;35;17;31;32;43;59;71;2;50
20160324;36;14;24;26;57;67;89;28;5
20160326;37;28;43;67;68;72;79;18;60
20160329;38;29;55;65;71;73;77;5;2
20160331;39;17;28;63;78;84;88;34;39
20160402;40;2;24;65;75;81;88;6;79
20160405;41;12;23;28;32;42;85;31;62
20160407;42;38;42;45;59;66;87;5;26
20160409;43;2;5;12;33;54;59;18;89
20160412;44;34;50;55;72;79;89;1;3
20160414;45;1;2;6;42;67;83;80;11
20160416;46;8;12;23;58;86;89;62;36
20160419;47;14;30;61;86;88;90;89;60
20160421;48;1;15;30;50;54;62;71;82
20160423;49;10;11;15;33;79;83;27;27
20160426;50;38;49;51;59;77;90;35;10
20160428;51;10;11;24;30;48;63;7;41
20160430;52;22;38;47;51;61;85;87;48
20160503;53;14;29;58;72;75;85;71;77
20160505;54;7;20;25;32;75;90;12;84
20160507;55;3;32;34;36;82;87;12;1
20160510;56;25;26;49;54;55;66;16;50
20160512;57;10;25;52;54;59;84;42;52
20160514;58;11;19;56;72;73;75;90;68
20160517;59;1;10;19;44;68;74;56;81
20160519;60;15;39;54;62;71;74;60;30
20160521;61;9;11;20;35;66;68;90;68
20160524;62;14;16;45;47;48;86;23;45
20160526;63;1;32;34;58;64;86;52;58
20160528;64;3;5;12;17;44;51;18;39
20160531;65;8;18;33;41;62;71;1;42
20160604;66;8;10;18;64;85;87;3;40
20160606;67;3;54;56;57;75;90;1;62
20160607;68;24;29;45;63;65;70;8;59
20160609;69;9;14;61;76;80;83;44;52
20160611;70;27;30;34;40;52;68;50;51
20160614;71;25;31;33;42;58;86;3;43
20160616;72;18;19;29;47;59;68;21;53
20160618;73;24;25;45;51;52;63;19;5
20160621;74;4;30;31;45;49;85;11;67
20160623;75;17;18;25;43;66;87;1;57
20160625;76;11;14;44;54;85;87;35;46
20160628;77;5;23;44;59;60;83;50;42
20160630;78;30;31;32;34;50;51;75;24
20160702;79;8;9;22;43;50;56;20;39
20160705;80;22;26;43;50;59;65;20;35
20160707;81;1;4;32;59;70;86;89;40
20160709;82;12;34;44;45;53;68;81;82
20160712;83;1;41;59;63;81;85;74;30
20160714;84;38;56;61;67;72;82;87;60
20160716;85;26;37;43;67;75;78;10;67
20160719;86;4;10;28;29;48;52;3;80
20160721;87;19;27;35;56;60;89;47;45
20160723;88;1;30;42;61;76;88;71;52
20160726;89;4;13;15;18;72;76;69;8
20160728;90;29;37;38;61;63;85;59;48
20160730;91;15;22;26;45;48;82;64;70
20160802;92;34;54;57;84;89;90;44;48
20160804;93;25;37;40;61;65;77;23;32
20160806;94;23;34;58;61;71;77;53;18
20160809;95;12;27;34;76;77;85;78;52
20160811;96;31;65;78;85;89;90;34;80
20160813;97;2;25;43;72;87;89;74;47
20160816;98;9;12;18;63;64;73;88;76
20160818;99;8;39;59;65;82;83;41;60
20160820;100;10;29;35;44;49;65;50;57
20160823;101;4;28;48;67;68;84;2;23
20160825;102;16;28;40;43;57;61;8;5
20160827;103;1;32;37;54;66;81;90;47
20160830;104;6;9;17;47;66;86;21;49
20160901;105;4;18;43;60;69;85;87;63
20160903;106;4;29;35;46;82;85;13;41
20160906;107;7;30;34;61;84;88;25;27
20160908;108;6;12;47;51;60;79;54;67
20160910;109;9;13;16;49;64;65;58;81
20160913;110;9;22;48;66;68;83;62;48
20160915;111;14;18;30;48;53;86;71;31
20160917;112;2;4;10;59;68;88;58;31
20160920;113;45;46;48;52;77;78;21;36
20160922;114;4;11;34;49;55;83;85;14
20160924;115;3;16;22;31;45;56;37;12
20160927;116;36;41;55;81;83;85;51;7
20160929;117;11;40;41;44;67;70;68;90
20161001;118;18;19;57;74;80;82;29;89
20161004;119;47;49;67;80;84;85;21;26
20161006;120;2;12;26;52;59;80;16;4
20161008;121;18;25;37;47;62;87;74;51
20161011;122;11;12;17;53;71;76;90;62
20161013;123;4;34;39;60;61;77;85;58
20161015;124;4;7;36;72;78;81;20;40
20161018;125;24;44;48;61;73;87;88;24
20161020;126;2;43;65;66;67;90;44;27
20161022;127;1;6;45;48;64;78;33;32
20161025;128;4;40;54;65;83;85;73;82
20161027;129;3;12;23;71;76;83;56;35
20161029;130;1;7;13;17;40;49;80;46
20161031;131;3;14;18;25;47;75;72;13
20161103;132;21;35;56;66;68;79;15;77
20161105;133;21;22;26;35;47;85;18;83
20161108;134;31;32;60;75;81;84;62;24
20161110;135;26;41;50;55;69;86;47;50
20161112;136;9;12;20;22;75;90;77;44
20161115;137;9;18;25;31;78;81;33;85
20161117;138;2;20;23;41;44;59;29;38
20161119;139;28;29;37;43;51;78;90;44
20161122;140;8;21;44;77;80;86;62;51
20161124;141;53;68;75;79;82;84;42;27
20161126;142;41;42;44;47;68;69;80;5
20161129;143;5;24;35;49;62;77;90;81
20161201;144;11;20;31;56;63;72;28;48
20161203;145;2;10;15;26;68;71;64;47
20161206;146;24;51;56;64;65;73;34;1
20161210;147;54;65;66;68;70;85;52;29
20161212;148;6;39;52;65;68;86;30;66
20161213;149;17;21;35;48;60;76;23;80
20161215;150;9;30;31;53;67;86;42;74
20161217;151;7;15;31;39;41;45;50;14
20161220;152;10;11;29;47;58;73;43;69
20161222;153;14;23;24;44;77;86;74;56
20161224;154;1;19;21;32;48;86;3;5
20161227;155;13;25;30;57;58;64;14;75
20161229;156;31;33;38;58;76;85;25;37
20161231;157;12;14;18;22;28;33;66;16
20170103;1;9;12;27;32;45;77;3;64
20170105;2;1;7;21;27;39;78;40;18
20170107;3;2;8;62;79;81;88;32;35
20170110;4;1;9;22;25;58;84;12;46
20170112;5;14;16;30;34;52;73;28;44
20170114;6;12;17;24;45;67;84;32;64
20170117;7;16;44;49;57;60;81;51;78
20170119;8;32;51;74;79;80;81;64;3
20170121;9;6;55;63;68;76;80;37;21
20170124;10;63;67;74;77;83;85;21;69
20170126;11;43;48;49;51;60;75;29;70
20170128;12;9;13;15;51;73;74;7;14
20170131;13;14;15;16;43;49;77;8;86
20170202;14;11;27;56;57;64;66;33;82
20170204;15;13;18;34;51;62;81;20;67
20170207;16;2;21;38;74;79;83;88;4
20170209;17;18;25;35;38;45;75;20;44
20170211;18;6;9;11;32;63;83;42;80
20170214;19;9;14;19;35;48;65;2;65
20170216;20;13;17;26;33;60;78;69;30
20170218;21;7;13;24;36;37;86;33;61
20170221;22;4;22;36;60;66;90;11;49
20170223;23;9;11;21;37;86;90;17;12
20170225;24;11;17;40;69;84;85;82;62
20170228;25;19;22;44;45;71;76;3;87
20170302;26;34;37;52;58;65;89;86;28
20170304;27;2;11;26;51;64;87;37;37
20170307;28;8;19;28;33;71;89;17;85
20170309;29;4;17;39;40;50;58;15;52
20170311;30;3;6;46;48;63;76;66;71
20170314;31;16;21;53;74;79;80;27;10
20170316;32;16;21;31;62;69;85;12;28
20170318;33;14;41;60;74;79;80;18;79
20170321;34;32;35;58;63;76;79;14;53
20170323;35;25;39;48;74;86;89;67;18
20170325;36;3;50;60;64;85;86;58;76
20170328;37;3;6;20;54;72;90;71;71
20170330;38;5;16;40;70;74;76;85;69
20170401;39;8;46;68;70;76;86;39;66
20170404;40;3;16;29;34;37;57;62;41
20170406;41;15;16;21;24;53;89;31;15
20170408;42;4;6;27;76;80;86;48;43
20170411;43;5;57;59;69;81;86;77;83
20170413;44;16;24;56;69;85;87;51;82
20170415;45;6;20;35;36;55;59;52;31
20170418;46;18;29;52;74;76;88;31;63
20170420;47;3;14;52;67;72;82;61;20
20170422;48;1;4;9;10;36;79;56;83
20170424;49;8;17;28;35;74;82;13;61
20170427;50;8;27;54;62;82;83;17;4
20170429;51;8;14;25;41;79;84;85;70
20170502;52;28;43;59;60;78;80;2;26
20170504;53;15;20;33;39;65;75;7;71
20170506;54;57;60;73;77;82;86;72;51
20170509;55;3;25;63;70;75;78;65;13
20170511;56;19;37;45;51;82;83;58;29
20170513;57;4;15;21;22;44;77;54;84
20170516;58;29;38;75;79;80;90;67;5
20170518;59;1;19;47;61;70;87;37;60
20170520;60;6;37;46;53;73;78;69;84
20170523;61;10;18;23;34;61;75;35;79
20170525;62;10;33;40;42;46;77;63;30
20170527;63;16;34;57;64;65;78;49;47
20170530;64;21;26;35;59;66;70;69;90
20170601;65;7;15;27;37;56;58;32;18
20170603;66;2;22;36;77;83;90;47;64
20170606;67;7;12;26;46;56;70;13;18
20170608;68;11;28;32;48;54;59;73;19
20170610;69;19;54;56;57;67;69;21;79
20170613;70;41;50;69;71;77;81;26;49
20170615;71;6;24;28;32;78;83;13;66
20170617;72;45;48;71;75;80;83;40;17
20170620;73;38;46;54;76;82;86;17;12
20170622;74;9;18;24;42;59;71;69;4
20170624;75;2;18;20;23;30;75;26;41
20170627;76;9;14;62;64;78;82;24;41
20170629;77;16;19;38;40;58;79;26;50
20170701;78;15;20;45;59;81;85;72;80
20170704;79;21;37;58;75;81;85;12;11
20170706;80;36;37;46;48;51;74;54;19
20170708;81;6;8;32;54;80;82;75;62
20170711;82;6;12;38;42;49;83;53;42
20170713;83;2;11;26;62;74;78;88;63
20170715;84;27;37;44;47;73;86;68;50
20170718;85;17;34;42;47;75;85;49;36
20170720;86;22;32;45;60;61;80;67;46
20170722;87;6;22;26;33;51;88;68;87
20170725;88;4;29;30;47;52;59;79;73
20170727;89;5;15;52;60;77;84;28;10
20170729;90;5;11;58;75;78;81;79;21
20170801;91;1;8;28;54;82;90;5;25
20170803;92;20;25;39;49;69;71;2;71
20170805;93;14;19;50;69;75;90;67;18
20170808;94;17;24;33;41;63;66;83;62
20170810;95;3;5;24;41;48;80;71;30
20170812;96;6;17;32;40;44;67;21;30
20170814;97;34;44;46;47;64;88;72;83
20170817;98;22;28;46;52;69;86;68;47
20170819;99;18;29;34;47;48;60;25;45
20170822;100;34;46;50;52;67;86;58;23
20170824;101;40;45;54;72;85;88;50;79
20170826;102;28;29;36;54;55;68;8;53
20170829;103;21;23;54;73;84;88;33;1
20170831;104;5;29;32;33;72;89;70;26
20170902;105;2;49;57;60;71;77;40;11
20170905;106;7;12;66;68;73;76;59;44
20170907;107;11;29;64;68;70;85;48;17
20170909;108;29;39;49;56;83;85;11;73
20170912;109;7;10;25;26;37;68;41;4
20170914;110;18;25;29;30;33;69;38;89
20170916;111;22;35;36;55;63;86;47;3
20170919;112;38;45;46;55;65;73;53;64
20170921;113;13;16;27;48;67;77;8;45
20170923;114;8;46;48;69;72;81;66;23
20170926;115;13;18;19;46;58;60;57;10
20170928;116;6;15;39;68;80;89;60;50
20170930;117;7;12;21;22;39;90;71;45
20171003;118;6;21;38;48;79;90;35;23
20171005;119;14;33;48;61;65;80;46;79
20171007;120;14;17;35;37;55;83;43;55
20171010;121;4;26;52;65;66;72;1;87
20171012;122;9;16;19;35;41;59;68;72
20171014;123;2;13;50;75;85;90;44;1
20171017;124;10;17;30;55;62;78;76;6
20171019;125;16;17;58;66;71;72;12;57
20171021;126;21;22;31;32;33;81;48;4
20171024;127;6;45;47;61;74;80;32;61
20171026;128;14;38;43;57;65;72;30;51
20171028;129;7;11;17;28;32;79;80;41
20171031;130;19;24;35;69;80;89;62;89
20171102;131;11;31;46;48;65;68;28;76
20171104;132;6;7;8;38;45;78;26;55
20171107;133;2;6;34;69;77;86;15;12
20171109;134;8;12;41;42;46;51;67;73
20171111;135;16;31;33;51;75;80;21;74
20171114;136;1;11;40;45;46;57;60;59
20171116;137;2;12;16;26;51;73;46;32
20171118;138;3;16;24;27;44;88;80;1
20171121;139;32;40;41;47;56;72;58;59
20171123;140;14;38;40;51;53;64;71;36
20171125;141;16;20;22;42;54;62;52;6
20171128;142;27;28;48;61;87;88;86;80
20171130;143;5;17;19;33;43;63;15;3
20171202;144;4;12;25;27;35;69;67;78
20171205;145;10;34;45;63;81;83;41;88
20171207;146;14;15;65;68;82;85;42;88
20171209;147;21;24;48;51;60;82;88;34
20171212;148;2;30;44;52;58;69;76;64
20171214;149;25;33;39;59;72;74;22;69
20171216;150;3;7;53;65;66;73;11;65
20171218;151;24;55;71;73;85;90;2;41
20171219;152;22;39;43;65;77;89;18;49
20171221;153;12;25;50;59;67;88;24;22
20171223;154;35;39;48;71;88;89;10;4
20171228;155;10;28;33;43;50;80;34;21
20171230;156;6;17;23;46;52;53;85;52
20180102;1;1;19;26;44;61;89;84;64
20180104;2;5;19;28;43;58;82;1;18
20180108;3;15;18;24;33;48;64;58;31
20180109;4;8;69;70;84;88;90;53;60
20180111;5;3;25;28;37;71;82;75;36
20180113;6;2;10;41;49;56;71;36;33
20180116;7;9;29;51;53;74;76;28;12
20180118;8;29;43;46;50;85;86;39;68
20180120;9;27;48;50;74;76;84;19;61
20180123;10;2;5;24;32;47;62;17;7
20180125;11;15;38;48;52;66;71;39;7
20180127;12;5;24;68;72;78;85;32;12
20180130;13;22;39;47;49;77;89;80;49
20180201;14;20;45;51;63;85;89;2;48
20180203;15;1;8;19;28;34;87;43;11
20180206;16;4;8;16;35;36;74;31;35
20180208;17;24;25;30;43;47;90;77;83
20180210;18;7;31;35;57;88;89;87;65
20180213;19;3;11;38;53;70;71;27;24
20180215;20;5;17;34;40;78;82;60;78
20180217;21;5;17;37;40;55;79;31;66
20180220;22;17;25;52;55;67;75;90;57
20180222;23;9;40;45;70;76;81;39;28
20180224;24;10;44;48;62;68;83;61;68
20180227;25;48;56;66;83;86;89;6;67
20180301;26;9;23;57;72;77;82;64;32
20180303;27;2;19;62;74;81;83;56;39
20180306;28;12;36;45;46;67;75;66;86
20180308;29;22;50;52;65;66;89;57;69
20180310;30;11;15;42;64;82;84;5;78
20180313;31;19;33;42;65;78;85;74;51
20180315;32;2;13;17;31;45;69;87;78
20180317;33;7;35;52;85;88;90;72;87
20180320;34;9;20;33;43;44;48;8;55
20180322;35;20;23;29;37;39;72;44;59
20180324;36;2;24;42;62;66;81;36;47
20180327;37;10;16;35;63;73;83;20;66
20180329;38;11;15;32;35;52;56;5;9
20180331;39;1;6;7;9;45;79;80;17
20180403;40;30;45;47;49;71;90;29;82
20180405;41;7;27;55;63;73;77;33;37
20180407;42;3;20;47;55;81;83;28;85
20180410;43;27;35;46;68;72;82;81;3
20180412;44;8;28;34;38;47;54;7;21
20180414;45;1;10;31;44;58;80;70;42
20180417;46;12;23;39;54;72;73;53;75
20180419;47;5;17;20;44;62;80;48;22
20180421;48;11;43;68;72;79;85;71;51
20180424;49;31;41;44;67;75;82;39;5
20180426;50;44;52;64;66;67;71;83;82
20180428;51;2;25;41;42;74;87;13;54
20180430;52;6;10;26;47;60;75;78;29
20180503;53;9;19;31;39;77;82;22;15
20180505;54;6;14;19;59;79;81;65;44
20180508;55;17;18;41;57;58;75;83;52
20180510;56;41;62;77;79;81;84;60;55
20180512;57;29;49;50;56;64;78;89;51
20180515;58;3;10;38;52;65;71;1;49
20180517;59;16;33;34;74;79;80;64;73
20180519;60;40;51;55;56;74;81;35;63
20180522;61;12;13;19;37;62;72;40;54
20180524;62;1;27;31;58;83;87;86;51
20180526;63;20;27;32;55;69;90;60;58
20180529;64;19;28;42;49;68;83;20;67
20180531;65;9;57;64;66;69;86;2;82
20180604;66;45;56;66;74;77;88;47;65
20180605;67;6;10;11;21;71;75;26;14
20180607;68;33;39;47;64;67;76;31;51
20180609;69;13;32;41;51;61;86;42;77
20180612;70;1;12;31;33;44;50;48;7
20180614;71;5;37;51;65;79;81;30;49
20180616;72;2;9;15;22;47;65;86;78
20180619;73;1;7;25;40;68;75;84;89
20180621;74;6;11;37;42;58;62;26;23
20180623;75;4;17;29;55;67;70;72;49
20180626;76;2;6;37;39;51;86;7;32
20180628;77;28;36;55;76;81;89;16;28
20180630;78;9;13;23;32;45;54;80;8
20180703;79;28;33;38;41;66;72;31;3
20180705;80;11;19;27;41;61;83;3;13
20180707;81;3;51;55;64;77;79;34;1
20180710;82;27;41;50;60;63;81;90;77
20180712;83;3;13;18;24;74;89;34;40
20180714;84;2;9;14;19;27;77;75;41
20180717;85;30;35;44;60;72;76;23;46
20180719;86;11;38;47;71;76;77;43;52
20180721;87;22;36;38;56;59;67;52;83
20180724;88;7;29;37;43;72;79;30;37
20180726;89;21;34;53;72;80;84;73;76
20180728;90;10;19;47;67;68;75;40;71
20180731;91;23;32;49;53;61;85;87;51
20180802;92;5;6;41;44;65;74;61;20
20180804;93;23;39;53;56;64;84;22;90
20180807;94;11;18;21;23;55;66;26;86
20180809;95;31;32;46;54;73;90;47;2
20180811;96;14;57;73;79;82;84;83;42
20180814;97;21;43;45;57;67;83;37;83
20180816;98;2;10;12;21;22;50;3;36
20180818;99;7;14;27;66;70;81;76;59
20180821;100;2;16;30;39;51;79;57;80
20180823;101;14;23;32;34;40;80;73;22
20180825;102;42;44;54;68;69;81;70;82
20180828;103;1;26;39;43;73;89;55;17
20180830;104;16;28;29;55;63;69;46;46
20180901;105;1;4;19;23;55;68;28;13
20180904;106;18;25;47;51;70;83;2;7
20180906;107;2;23;34;52;76;87;58;86
20180908;108;7;25;32;39;59;86;27;81
20180911;109;59;61;63;65;71;84;12;23
20180913;110;16;23;29;49;57;76;30;77
20180915;111;3;26;34;61;84;87;67;89
20180918;112;2;24;31;42;47;55;40;34
20180920;113;15;18;56;67;72;74;6;5
20180922;114;12;16;29;45;82;85;89;4
20180925;115;17;24;57;64;70;89;76;27
20180927;116;21;37;46;56;65;77;76;80
20180929;117;34;54;77;80;81;87;18;70
20181002;118;3;7;18;47;64;82;84;84
20181004;119;15;30;72;79;86;90;70;76
20181006;120;27;28;33;75;77;78;20;33
20181009;121;10;36;49;53;77;85;35;52
20181011;122;20;23;39;50;62;68;27;46
20181013;123;14;36;39;46;55;59;64;80
20181016;124;8;13;25;50;65;72;54;19
20181018;125;16;23;50;73;80;88;89;63
20181020;126;4;14;27;38;89;90;57;82
20181023;127;6;30;49;56;64;81;42;21
20181025;128;10;21;24;26;29;89;60;10
20181027;129;3;12;35;51;59;80;34;22
20181030;130;38;40;43;59;67;72;22;31
20181103;131;23;35;40;79;86;87;13;85
20181105;132;8;36;39;40;48;50;68;50
20181106;133;4;16;24;42;51;84;14;10
20181108;134;11;15;20;27;45;59;7;85
20181110;135;9;15;20;46;50;84;3;50
20181113;136;7;15;22;31;46;50;61;26
20181115;137;6;12;34;36;40;66;82;77
20181117;138;3;5;38;53;54;82;9;4
20181120;139;3;9;43;48;61;83;7;4
20181122;140;15;24;28;34;56;73;51;32
20181124;141;30;38;63;68;77;80;45;11
20181127;142;6;12;15;30;31;89;37;85
20181129;143;6;22;27;36;62;76;28;35
20181201;144;7;16;33;54;80;84;18;74
20181204;145;6;31;37;47;71;78;8;25
20181206;146;10;30;44;45;47;49;15;74
20181210;147;7;37;52;73;87;88;44;66
20181211;148;6;17;32;38;47;90;75;15
20181213;149;7;9;12;21;30;41;44;19
20181215;150;5;23;36;42;47;79;56;32
20181218;151;39;61;68;69;70;86;73;2
20181220;152;11;49;58;71;76;89;20;24
20181222;153;4;14;16;51;64;88;65;69
20181224;154;12;19;36;42;77;87;47;86
20181227;155;36;43;44;49;78;82;18;25
20181229;156;24;37;46;49;62;71;53;31
20190103;1;1;35;52;56;64;70;79;69
20190105;2;46;52;55;68;76;89;11;51
20190107;3;3;8;28;45;55;58;1;36
20190108;4;23;34;38;54;57;87;39;10
20190110;5;2;39;66;76;86;87;15;67
20190112;6;16;33;36;62;73;88;48;68
20190115;7;8;43;51;56;57;87;25;18
20190117;8;21;26;33;35;63;89;9;20
20190119;9;1;15;45;48;60;80;2;44
20190122;10;3;22;79;82;83;88;58;39
20190124;11;3;19;40;49;60;82;12;62
20190126;12;17;19;62;72;78;82;46;54
20190129;13;6;11;29;65;87;90;15;67
20190131;14;4;21;59;63;65;83;29;4
20190202;15;37;42;52;80;86;88;45;77
20190205;16;11;21;34;46;50;86;55;5
20190207;17;9;26;27;49;54;76;51;9
20190209;18;5;26;43;52;63;90;6;2
20190212;19;14;28;64;69;84;90;27;90
20190214;20;4;30;47;76;78;83;53;65
20190216;21;10;17;42;59;61;80;65;64
20190219;22;15;16;32;63;67;70;20;88
20190221;23;11;16;43;59;87;90;31;39
20190223;24;5;31;47;60;68;88;62;38
20190226;25;13;25;27;52;66;75;16;69
20190228;26;2;11;50;55;79;85;58;31
20190302;27;19;34;37;40;66;69;25;65
20190305;28;3;6;16;36;56;82;83;35
20190307;29;8;42;51;62;80;84;24;85
20190309;30;9;15;51;70;78;86;17;77
20190312;31;13;37;58;66;67;88;6;85
20190314;32;27;28;42;63;78;86;70;33
20190316;33;49;61;63;77;87;88;13;23
20190319;34;12;15;38;43;56;85;80;42
20190321;35;27;32;52;59;69;90;75;62
20190323;36;21;32;43;63;83;90;25;54
20190326;37;14;27;45;47;52;84;12;84
20190328;38;43;53;58;68;83;90;89;4
20190330;39;1;10;20;28;47;55;6;40
20190402;40;19;25;30;32;37;60;85;3
20190404;41;7;29;38;49;66;70;41;58
20190406;42;41;54;85;87;88;89;71;74
20190409;43;1;13;28;33;37;65;83;59
20190411;44;5;10;52;60;85;88;46;5
20190413;45;16;22;30;40;51;77;39;15
20190416;46;15;55;58;62;82;90;24;40
20190418;47;7;10;46;47;73;89;1;60
20190420;48;5;18;76;87;88;89;17;44
20190423;49;19;20;32;51;63;79;78;34
20190427;50;6;17;18;42;64;71;88;15
20190429;51;8;22;61;65;69;74;86;63
20190430;52;13;29;31;51;55;72;36;31
20190502;53;1;28;57;75;82;83;52;87
20190504;54;4;15;41;52;76;85;14;11
20190507;55;5;8;21;49;66;90;77;47
20190509;56;3;17;26;38;54;82;42;32
20190511;57;9;20;47;58;65;78;25;22
20190514;58;37;59;69;75;89;90;2;69
20190516;59;11;25;37;67;75;85;35;51
20190518;60;31;33;44;57;62;65;25;70
20190521;61;20;38;76;82;84;87;75;66
20190523;62;2;8;15;32;72;79;16;80
20190525;63;33;51;53;59;66;68;43;54
20190528;64;8;30;33;58;84;89;88;53
20190530;65;16;33;59;65;69;73;29;87
20190601;66;17;19;24;46;48;72;56;82
20190604;67;15;49;63;79;85;86;68;90
20190606;68;2;15;47;54;78;79;68;77
20190608;69;15;16;54;64;66;72;44;62
20190611;70;16;25;36;46;48;58;73;15
20190613;71;11;22;23;26;32;77;18;6
20190615;72;4;23;43;47;74;82;73;9
20190618;73;13;23;63;67;68;81;38;5
20190620;74;25;26;35;42;65;76;77;84
20190622;75;35;39;41;69;70;74;89;59
20190625;76;14;43;61;62;75;85;69;29
20190627;77;33;34;37;50;68;82;22;39
20190629;78;6;22;33;45;60;81;68;33
20190702;79;13;18;37;48;63;67;65;23
20190704;80;40;42;57;64;80;86;38;57
20190706;81;6;12;22;25;29;62;90;43
20190709;82;1;20;26;54;59;74;52;62
20190711;83;15;26;32;48;66;84;80;39
20190713;84;3;13;15;36;42;90;6;83
20190716;85;30;47;48;60;67;90;85;25
20190718;86;12;22;37;40;51;68;49;38
20190720;87;2;23;29;51;79;84;67;26
20190723;88;18;32;34;55;74;79;78;36
20190725;89;7;20;28;36;55;69;4;88
20190727;90;13;33;40;61;78;80;66;51
20190730;91;6;8;16;42;84;87;62;12
20190801;92;20;30;37;52;82;83;18;52
20190803;93;6;16;21;27;33;66;1;45
20190806;94;20;22;27;43;46;72;28;61
20190808;95;6;10;24;63;66;89;67;23
20190810;96;10;15;42;57;68;80;25;68
20190813;97;7;32;41;59;75;76;21;11
20190817;98;8;13;31;37;39;46;54;65
20190819;99;17;28;57;66;67;71;78;5
20190820;100;20;35;40;41;79;88;28;35
20190822;101;1;12;24;42;65;67;39;21
20190824;102;20;36;40;42;63;86;17;4
20190827;103;4;15;34;37;47;73;26;54
20190829;104;21;37;45;53;83;84;2;41
20190831;105;31;35;52;59;60;75;51;9
20190903;106;18;29;39;58;59;76;53;37
20190905;107;7;26;31;34;52;54;32;21
20190907;108;9;29;43;66;70;84;52;1
20190910;109;15;16;21;49;50;83;20;22
20190912;110;12;17;20;62;80;88;26;28
20190914;111;1;7;10;40;52;59;47;85
20190917;112;9;18;26;43;60;79;57;35
20190919;113;38;50;53;56;65;76;86;12
20190921;114;31;36;44;47;50;56;17;46
20190924;115;7;45;55;60;81;89;25;29
20190926;116;17;20;42;44;83;90;18;37
20190928;117;37;49;66;75;77;82;31;8
20191001;118;11;59;63;73;84;89;62;27
20191003;119;4;5;31;35;46;80;77;34
20191005;120;20;38;52;58;68;72;45;79
20191008;121;25;35;47;70;79;87;83;54
20191010;122;9;12;29;42;65;75;84;86
20191012;123;5;33;40;45;79;90;78;4
20191015;124;5;38;45;54;59;65;78;17
20191017;125;10;29;33;55;65;72;47;6
20191019;126;15;30;75;76;77;79;11;73
20191022;127;9;28;40;77;79;81;4;28
20191024;128;18;51;53;57;82;87;1;18
20191026;129;8;12;13;14;51;83;74;1
20191029;130;21;32;47;61;67;68;25;69
20191031;131;35;41;53;60;65;80;86;16
20191102;132;10;19;30;68;78;80;31;74
20191105;133;32;56;64;65;87;90;71;57
20191107;134;4;9;37;48;49;77;41;39
20191109;135;1;21;43;51;81;88;60;20
20191112;136;14;15;51;55;61;73;4;79
20191114;137;33;52;57;72;76;81;77;71
20191116;138;7;29;31;58;65;86;18;61
20191119;139;19;26;56;74;77;82;17;2
20191121;140;23;29;35;50;57;60;15;32
20191123;141;12;29;52;61;72;79;57;73
20191126;142;21;22;35;63;76;79;38;60
20191128;143;7;16;17;50;52;74;68;61
20191130;144;2;21;47;52;66;77;9;73
20191203;145;4;5;8;22;48;83;47;66
20191205;146;16;25;52;59;64;74;37;74
20191207;147;11;21;44;67;77;80;33;69
20191210;148;11;37;40;42;58;82;69;5
20191212;149;11;25;39;48;51;71;88;19
20191214;150;8;10;43;52;60;83;84;61
20191217;151;4;8;37;44;86;88;56;62
20191219;152;3;14;25;43;74;80;62;80
20191221;153;9;28;36;50;66;90;71;56
20191223;154;17;30;45;56;87;89;18;76
20191224;155;44;48;55;67;82;90;54;72
20191228;156;3;8;16;28;42;65;75;63
20191231;157;3;32;36;43;62;80;13;89
20200102;1;5;45;63;64;78;85;4;89
20200104;2;23;30;37;44;57;80;26;56
20200107;3;2;23;60;66;72;78;19;53
20200109;4;5;14;54;55;66;78;52;45
20200111;5;34;36;38;63;72;81;18;63
20200114;6;1;6;9;32;68;85;79;62
20200116;7;22;29;50;53;72;83;77;85
20200118;8;26;28;32;50;79;87;1;72
20200121;9;6;32;46;53;70;75;62;9
20200123;10;15;20;23;69;72;81;87;79
20200125;11;11;16;17;35;68;90;76;47
20200128;12;16;21;33;50;57;89;52;26
20200130;13;8;46;53;62;77;84;51;38
20200201;14;22;25;45;46;48;88;24;56
20200204;15;21;29;34;64;72;79;14;82
20200206;16;3;20;29;49;65;82;31;70
20200208;17;15;32;54;56;61;85;10;63
20200211;18;16;24;45;68;72;81;20;2
20200213;19;4;15;43;69;74;84;49;36
20200215;20;13;26;40;55;65;86;9;48
20200218;21;26;45;58;69;72;82;9;49
20200220;22;20;36;55;69;80;85;58;3
20200222;23;1;28;57;58;60;68;50;31
20200225;24;10;15;23;54;73;74;63;26
20200227;25;17;51;60;71;75;79;58;85
20200229;26;9;35;44;50;73;78;85;6
20200303;27;5;11;19;26;36;64;1;78
20200305;28;13;40;48;67;69;85;65;43
20200307;29;11;13;31;41;85;87;12;37
20200310;30;8;35;41;43;57;80;42;17
20200312;31;19;22;41;46;56;86;13;56
20200314;32;1;13;18;47;68;75;46;84
20200317;33;17;29;30;49;63;65;15;27
20200319;34;7;11;17;28;29;50;41;59
20200321;35;5;13;38;39;52;59;74;90
20200505;36;39;43;58;73;83;86;35;6
20200507;37;22;35;45;52;57;75;15;12
20200509;38;34;45;59;66;70;78;21;5
20200512;39;21;38;55;60;65;85;66;71
20200514;40;12;17;20;54;61;80;39;17
20200516;41;2;7;71;78;84;87;80;56
20200519;42;26;41;51;62;66;85;40;31
20200521;43;3;21;44;69;73;81;20;12
20200523;44;5;15;61;75;82;86;36;40
20200526;45;10;23;27;46;68;74;66;31
20200528;46;16;29;31;73;76;82;26;2
20200530;47;3;27;46;52;70;74;48;4
20200601;48;9;28;49;65;76;81;8;47
20200604;49;5;16;23;30;40;71;10;56
20200606;50;4;21;37;45;50;79;76;5
20200609;51;8;14;30;58;71;87;70;79
20200611;52;1;7;23;47;68;69;79;33
20200613;53;20;42;53;57;62;73;8;89
20200616;54;1;11;39;59;68;74;37;16
20200618;55;4;6;15;35;67;73;36;35
20200620;56;16;29;39;55;63;86;84;51
20200623;57;40;44;52;59;66;69;24;14
20200625;58;14;35;41;51;84;85;78;49
20200627;59;13;33;35;60;78;81;11;52
20200630;60;6;7;57;61;79;89;63;3
20200702;61;12;33;42;56;78;79;88;79
20200704;62;33;38;46;59;65;73;28;47
20200707;63;16;24;29;53;73;88;62;50
20200709;64;1;10;26;40;64;88;79;16
20200711;65;6;10;19;20;40;67;75;87
20200714;66;17;35;70;71;74;82;22;79
20200716;67;35;39;40;64;67;75;74;5
20200718;68;18;33;49;76;80;84;12;83
20200721;69;4;34;46;54;55;62;10;82
20200723;70;10;29;37;49;56;57;24;68
20200725;71;18;30;42;70;78;80;1;84
20200728;72;23;45;49;71;80;82;61;76
20200730;73;4;15;19;26;28;55;58;2
20200801;74;4;14;17;18;26;45;6;56
20200804;75;5;19;21;25;45;82;59;43
20200806;76;21;37;40;46;69;80;3;65
20200808;77;6;16;22;55;58;83;51;32
20200811;78;7;9;38;68;78;80;26;45
20200813;79;4;5;49;57;66;75;36;77
20200817;80;5;9;26;62;77;79;87;72
20200818;81;13;22;28;58;65;77;6;24
20200820;82;7;17;30;39;41;67;32;70
20200822;83;7;12;45;47;73;87;83;72
20200825;84;15;24;31;70;83;84;76;89
20200827;85;37;49;52;53;75;87;29;30
20200829;86;1;3;35;42;55;61;25;17
20200901;87;10;22;28;45;48;71;53;84
20200903;88;16;17;38;39;68;84;29;7
20200905;89;7;14;27;56;72;83;16;3
20200908;90;23;27;28;31;69;89;24;85
20200910;91;46;48;67;78;80;87;23;56
20200912;92;6;15;36;42;67;78;2;11
20200915;93;2;9;44;47;52;54;16;18
20200917;94;9;29;35;47;53;85;71;48
20200919;95;6;12;14;27;39;73;87;66
20200922;96;4;15;37;48;55;69;31;56
20200924;97;10;13;28;77;86;89;14;1
20200926;98;4;16;38;70;86;88;61;46
20200929;99;25;33;53;76;81;90;75;72
20201001;100;7;31;38;52;61;75;51;19
20201003;101;5;17;59;61;70;79;52;11
20201006;102;8;55;67;73;74;89;83;18
20201008;103;8;35;51;60;63;75;79;58
20201010;104;12;15;19;24;46;73;67;46
20201013;105;47;56;58;60;79;85;20;65
20201015;106;29;38;47;61;68;86;36;59
20201017;107;24;28;34;55;62;87;36;38
20201020;108;24;29;36;43;50;51;69;21
20201022;109;1;16;21;36;37;43;27;44
20201024;110;17;19;28;41;49;86;25;88
20201027;111;19;26;49;53;55;77;51;57
20201029;112;9;32;41;43;44;84;28;46
20201031;113;22;31;35;40;65;82;36;51
20201103;114;18;39;45;48;53;64;55;11
20201105;115;5;10;18;24;69;85;65;50
20201107;116;1;2;61;69;70;82;56;5
20201110;117;13;34;38;41;76;88;18;17
20201112;118;13;35;37;58;60;88;57;19
20201114;119;3;30;47;67;68;89;38;46
20201117;120;7;18;20;32;45;55;75;41
20201119;121;6;13;47;49;69;86;83;2
20201121;122;6;24;37;55;76;82;20;11
20201124;123;9;15;16;23;57;76;19;56
20201126;124;2;9;39;52;67;76;78;37
20201128;125;12;29;61;81;87;90;20;77
20201201;126;21;30;32;62;78;80;36;21
20201203;127;22;33;43;48;87;89;17;75
20201205;128;26;32;39;40;57;65;4;15
20201207;129;1;6;20;25;70;90;89;45
20201210;130;1;6;25;42;75;80;41;63
20201212;131;11;14;18;59;64;85;1;84
20201215;132;10;16;47;51;80;85;4;23
20201217;133;5;9;12;14;26;37;55;29
20201219;134;36;39;45;50;62;66;47;69
20201222;135;15;16;22;46;51;72;8;29
20201224;136;22;25;31;79;87;90;38;73
20201228;137;8;25;39;54;59;84;85;14
20201229;138;15;22;38;51;60;74;86;50
20201231;139;7;14;20;66;68;79;76;60
20210102;1;35;37;50;75;77;81;5;30
20210105;2;12;19;30;60;71;78;79;6
20210107;3;15;33;48;49;56;88;16;55
20210109;4;14;16;35;47;58;64;40;20
20210112;5;5;19;21;33;61;90;43;52
20210114;6;24;50;53;54;62;88;61;72
20210116;7;9;26;57;66;81;83;63;65
20210119;8;2;27;28;38;43;65;60;72
20210121;9;15;17;38;40;45;65;84;45
20210123;10;3;19;27;35;63;89;29;57
20210126;11;34;39;45;51;60;89;18;52
20210128;12;18;29;40;44;46;53;67;39
20210130;13;27;35;42;48;56;65;44;81
20210202;14;28;41;54;67;78;86;29;6
20210204;15;5;19;27;35;40;82;66;53
20210206;16;36;49;50;61;66;76;82;87
20210209;17;7;8;19;33;40;48;54;40
20210211;18;5;34;47;60;69;70;64;21
20210213;19;36;39;46;58;63;77;57;65
20210216;20;9;19;30;52;61;76;54;30
20210218;21;28;52;56;62;66;72;58;13
20210220;22;3;18;25;31;65;75;29;65
20210223;23;7;37;42;57;59;87;15;17
20210225;24;13;26;42;71;72;73;62;30
20210227;25;10;37;42;69;72;86;85;2
20210302;26;3;32;39;56;77;89;90;82
20210304;27;2;4;13;45;51;77;5;64
20210306;28;4;36;43;61;72;89;22;29
20210309;29;8;15;20;52;54;72;81;79
20210311;30;9;31;51;68;84;90;33;41
20210313;31;28;29;43;59;70;79;52;79
20210316;32;28;43;48;65;84;89;9;2
20210318;33;11;38;51;58;62;63;47;56
20210320;34;6;10;57;71;74;83;39;40
20210323;35;2;11;13;45;66;72;25;84
20210325;36;15;28;30;52;75;86;37;32
20210327;37;16;19;41;72;78;82;70;46
20210330;38;10;25;41;58;78;87;73;33
20210401;39;22;37;57;62;83;90;3;87
20210403;40;1;39;53;60;75;76;36;8
20210406;41;7;27;73;77;78;89;26;41
20210408;42;19;29;35;49;66;81;61;87
20210410;43;9;27;67;80;87;89;65;18
20210413;44;1;36;48;63;68;87;23;36
20210415;45;12;33;44;71;72;80;69;12
20210417;46;7;20;63;68;74;88;13;11
20210420;47;1;32;48;58;68;75;59;10
20210422;48;8;11;46;47;72;81;68;80
20210424;49;10;20;21;29;34;44;58;33
20210427;50;41;49;56;58;60;68;59;79
20210429;51;14;62;64;66;76;87;79;48
20210503;52;15;18;40;43;57;72;39;12
20210504;53;6;43;48;60;75;85;1;2
20210506;54;5;28;38;55;79;89;31;26
20210508;55;37;38;44;45;60;65;66;10
20210511;56;23;30;50;59;60;83;16;86
20210513;57;4;13;20;51;69;82;9;27
20210515;58;15;36;49;59;60;62;77;20
20210518;59;10;11;15;19;47;78;68;90
20210520;60;27;31;36;39;46;67;19;88
20210522;61;1;7;37;43;63;81;34;26
20210525;62;5;39;45;49;59;71;4;9
20210527;63;24;38;81;86;88;89;54;71
20210529;64;23;31;62;71;74;77;8;80
20210601;65;9;21;27;41;45;53;66;27
20210603;66;17;27;40;72;86;87;48;2
20210605;67;53;73;75;83;84;85;27;76
20210608;68;2;9;11;72;76;86;67;79
20210610;69;27;37;42;44;76;83;50;25
20210612;70;2;9;27;54;69;78;16;62
20210615;71;10;14;25;43;54;65;11;79
20210617;72;20;33;39;42;43;78;40;49
20210619;73;1;3;41;55;84;85;47;87
20210622;74;30;51;56;59;65;68;83;40
20210624;75;40;43;56;59;63;88;25;2
20210626;76;28;39;44;57;61;88;43;26
20210629;77;10;30;52;53;66;87;77;20
20210701;78;8;11;44;86;88;89;31;8
20210703;79;42;45;52;65;70;85;67;61
20210706;80;11;15;20;40;69;73;65;48
20210708;81;21;24;25;61;73;74;58;24
20210710;82;8;13;16;27;32;62;4;31
20210713;83;58;68;70;74;76;89;3;74
20210715;84;2;25;37;54;57;87;80;77
20210717;85;6;37;64;71;85;87;16;23
20210720;86;28;34;49;65;79;90;1;80
20210722;87;1;6;10;61;63;64;15;37
20210724;88;21;25;40;50;71;87;22;18
20210727;89;1;6;24;36;82;83;58;78
20210729;90;3;14;21;31;84;89;45;68
20210731;91;14;22;36;47;59;61;35;56
20210803;92;14;55;65;68;78;88;36;82
20210805;93;28;37;41;44;52;84;86;12
20210807;94;1;7;34;37;45;49;57;57
20210810;95;14;16;47;49;53;56;22;59
20210812;96;17;55;59;61;62;90;21;72
20210814;97;53;64;72;74;87;89;39;4
20210817;98;2;3;10;38;64;70;69;39
20210819;99;3;4;31;80;81;87;53;53
20210821;100;8;19;35;59;86;90;33;53
20210824;101;12;27;43;48;63;66;18;22
20210826;102;17;21;32;40;55;76;89;4
20210828;103;44;54;56;63;76;77;61;75
20210831;104;3;5;10;44;76;77;19;71
20210902;105;5;15;39;72;76;80;12;6
20210904;106;7;60;68;71;79;80;53;68
20210907;107;7;20;21;31;67;89;63;89
20210909;108;6;58;64;73;76;86;59;45
20210911;109;1;30;36;49;75;85;33;73
20210914;110;3;14;42;52;69;81;63;3
20210916;111;12;16;40;46;47;83;57;16
20210918;112;22;56;60;73;76;80;81;4
20210921;113;5;6;29;59;68;74;54;53
20210923;114;8;21;38;42;49;51;2;58
20210925;115;11;19;61;62;75;76;43;24
20210928;116;14;18;19;33;34;80;48;19
20210930;117;7;32;33;36;45;47;43;19
20211002;118;9;19;40;62;67;71;52;58
20211005;119;21;40;62;66;73;85;58;67
20211007;120;15;18;22;26;66;77;67;78
20211009;121;7;9;70;72;77;86;53;20
20211012;122;46;53;55;60;64;90;77;72
20211014;123;8;14;25;59;60;88;27;31
20211016;124;32;41;50;57;67;89;13;90
20211019;125;21;28;38;42;66;88;60;6
20211021;126;9;10;26;27;77;86;16;23
20211023;127;1;11;12;15;20;83;46;80
20211026;128;20;24;25;49;57;68;16;53
20211028;129;2;25;34;67;73;77;36;11
20211030;130;20;31;41;43;48;79;26;46
20211102;131;22;27;51;55;77;86;33;42
20211104;132;22;25;38;41;61;68;24;3
20211106;133;6;21;56;63;81;85;51;61
20211109;134;3;6;14;17;54;60;83;78
20211111;135;4;23;52;65;79;88;37;53
20211113;136;13;40;60;66;73;75;23;49
20211116;137;7;17;19;38;66;71;90;35
20211118;138;22;24;38;42;44;87;67;13
20211120;139;7;48;58;60;86;87;55;22
20211123;140;6;17;23;24;43;72;81;30
20211125;141;6;45;61;82;84;88;16;36
20211127;142;24;30;38;47;48;78;8;57
20211130;143;11;34;44;64;75;82;48;5
20211202;144;15;24;48;60;70;89;34;17
20211204;145;37;43;68;72;76;85;27;11
20211207;146;9;12;23;38;59;88;76;18
20211209;147;10;48;70;75;79;83;82;77
20211211;148;7;17;45;64;76;81;42;72
20211214;149;35;59;64;65;68;73;50;49
20211216;150;12;35;37;41;75;76;16;13
20211218;151;6;31;44;57;73;77;61;80
20211221;152;30;49;61;62;79;87;63;48
20211223;153;11;15;17;37;54;89;8;38
20211227;154;6;10;11;41;61;80;76;47
20211228;155;13;19;47;70;77;83;31;59
20211230;156;10;20;40;55;68;86;26;76
20220103;1;9;47;50;67;73;74;85;49
20220104;2;5;18;59;78;81;89;10;9
20220108;3;35;42;49;63;68;78;1;33
20220110;4;3;25;30;58;66;84;72;55
20220111;5;15;22;24;33;38;71;47;45
20220113;6;10;34;56;66;78;87;52;29
20220115;7;6;19;48;51;73;89;32;40
20220118;8;33;34;43;46;49;66;87;78
20220120;9;32;33;37;53;77;79;76;61
20220122;10;5;13;27;37;50;59;76;47
20220125;11;4;13;16;21;23;50;63;79
20220127;12;30;53;63;74;83;88;44;27
20220129;13;1;23;63;79;82;89;68;52
20220201;14;5;10;29;31;47;58;34;44
20220203;15;21;26;28;35;65;77;46;60
20220205;16;30;39;48;55;76;81;82;11
20220208;17;36;38;57;62;64;81;68;28
20220210;18;25;35;51;52;58;59;82;71
20220212;19;14;22;27;47;68;77;44;45
20220215;20;1;9;44;49;60;74;70;38
20220217;21;36;48;67;77;85;87;38;74
20220219;22;9;13;15;65;74;81;66;24
20220222;23;9;15;29;59;64;74;22;16
20220224;24;16;28;38;52;69;73;17;47
20220226;25;6;24;38;52;84;87;4;81
20220301;26;15;44;60;79;81;83;64;64
20220303;27;31;33;40;43;47;80;2;21
20220305;28;3;9;58;66;68;80;35;77
20220308;29;3;15;16;21;31;80;24;70
20220310;30;18;34;39;47;52;66;22;69
20220312;31;24;32;41;56;76;80;10;11
20220315;32;8;22;53;65;75;86;55;44
20220317;33;14;52;53;54;55;86;34;29
20220319;34;20;41;61;67;73;83;4;83
20220322;35;27;30;49;68;74;88;64;11
20220324;36;15;35;37;48;62;77;28;50
20220326;37;22;38;74;81;84;89;72;45
20220329;38;9;32;48;55;68;72;36;68
20220331;39;15;43;51;59;64;74;11;39
20220402;40;24;35;45;54;65;68;7;9
20220405;41;5;21;48;63;83;86;30;70
20220407;42;11;20;42;43;51;86;71;87
20220409;43;2;22;27;42;52;89;36;19
20220412;44;15;27;32;51;74;77;44;22
20220414;45;5;8;22;38;50;55;12;89
20220416;46;7;21;25;69;76;77;70;74
20220419;47;32;41;63;71;76;89;1;24
20220421;48;17;32;46;49;77;88;48;19
20220423;49;6;18;23;33;57;71;65;32
20220426;50;20;44;62;64;67;78;79;40
20220428;51;24;61;65;67;71;90;14;74
20220430;52;22;25;34;52;72;85;14;71
20220503;53;13;24;44;47;66;80;46;81
20220505;54;25;31;37;38;77;82;43;8
20220507;55;29;41;43;46;51;81;48;39
20220510;56;25;37;47;55;73;81;67;5
20220512;57;21;26;28;54;80;85;4;37
20220514;58;13;19;39;42;73;83;60;11
20220517;59;26;29;32;48;65;79;53;61
20220519;60;2;9;13;39;40;89;6;43
20220521;61;2;20;25;67;78;80;71;28
20220524;62;22;24;25;32;46;73;29;62
20220526;63;10;14;17;32;45;87;18;70
20220528;64;27;42;55;65;84;90;53;64
20220531;65;21;34;35;48;63;82;17;14
20220604;66;2;35;41;43;65;71;12;50
20220606;67;8;22;31;53;59;86;75;74
20220607;68;21;31;49;69;77;90;40;22
20220609;69;4;12;20;32;56;88;25;78
20220611;70;5;8;18;28;33;59;9;83
20220614;71;7;34;48;50;53;67;52;52
20220616;72;31;54;56;60;66;82;29;13
20220618;73;2;12;16;27;74;78;58;65
20220621;74;12;16;32;46;60;83;54;52
20220623;75;34;37;52;55;56;66;79;16
20220625;76;4;30;42;46;58;89;29;88
20220628;77;19;32;36;55;71;81;48;64
20220630;78;6;9;12;16;32;79;26;40
20220702;79;1;5;25;34;38;66;51;21
20220705;80;16;17;49;66;82;86;1;67
20220707;81;17;24;25;35;66;73;54;1
20220709;82;28;31;41;51;70;83;80;24
20220712;83;11;56;63;66;68;72;58;68
20220714;84;3;11;28;39;65;75;48;51
20220716;85;28;29;38;43;62;71;75;49
20220719;86;2;17;27;44;78;79;59;1
20220721;87;7;14;24;43;44;90;66;19
20220723;88;29;32;46;56;66;90;21;89
20220726;89;8;31;34;44;56;77;36;9
20220728;90;19;20;22;54;72;88;50;56
20220730;91;7;25;28;62;80;87;54;49
20220802;92;9;25;26;49;68;74;81;59
20220804;93;20;23;45;66;83;87;16;61
20220806;94;1;21;29;40;42;58;25;70
20220809;95;15;25;26;29;38;39;82;41
20220811;96;6;32;34;56;58;87;23;88
20220813;97;8;49;62;65;83;88;45;64
20220816;98;13;19;59;74;81;84;2;51
20220818;99;5;25;42;51;71;84;38;9
20220820;100;19;28;31;58;77;85;73;88
20220823;101;7;44;47;51;52;85;89;72
20220825;102;33;41;42;84;86;88;38;79
20220827;103;3;5;15;39;45;80;10;83
20220830;104;6;11;23;45;57;75;44;45
20220901;105;2;5;13;19;54;89;40;50
20220903;106;22;25;30;37;44;76;1;74
20220906;107;11;13;19;34;49;52;37;27
20220908;108;18;26;39;50;71;90;41;35
20220910;109;62;66;68;70;75;83;30;64
20220913;110;5;9;16;20;23;69;31;46
20220915;111;27;34;42;59;72;76;25;35
20220917;112;1;10;14;18;42;60;39;35
20220920;113;1;38;39;40;50;83;44;9
20220922;114;15;30;42;65;75;81;72;85
20220924;115;19;26;35;44;49;65;24;32
20220927;116;5;22;42;49;62;63;80;36
20220929;117;6;35;37;46;59;86;84;38
20221001;118;3;11;14;26;67;82;75;59
20221004;119;4;9;55;68;80;84;38;55
20221006;120;10;20;28;62;70;87;59;26
20221008;121;26;33;41;51;80;84;15;44
20221011;122;1;33;35;39;46;58;15;48
20221013;123;4;20;64;65;69;79;81;20
20221015;124;12;26;34;69;74;83;66;68
20221018;125;4;5;31;56;57;59;51;75
20221020;126;6;8;39;65;67;69;32;7
20221022;127;3;28;31;43;53;59;7;22
20221025;128;1;19;41;48;68;71;25;45
20221027;129;27;28;32;40;49;72;53;70
20221029;130;15;32;66;74;79;86;84;54
20221031;131;12;17;32;64;81;84;11;5
20221103;132;10;15;37;40;43;59;5;67
20221105;133;11;18;41;50;63;74;81;21
20221108;134;15;31;33;44;46;73;79;3
20221110;135;10;16;18;34;39;45;87;3
20221112;136;19;32;51;61;71;82;48;35
20221115;137;13;21;23;33;48;86;28;1
20221117;138;3;6;39;48;52;88;9;6
20221119;139;19;30;44;48;58;72;40;33
20221122;140;14;22;23;35;41;64;17;14
20221124;141;25;58;66;78;81;88;76;3
20221126;142;3;8;42;48;61;72;56;34
20221129;143;18;33;43;60;61;78;20;52
20221201;144;4;13;32;54;56;68;67;25
20221203;145;4;37;38;53;73;79;29;90
20221206;146;12;21;31;39;70;83;16;59
20221210;147;29;50;55;56;76;81;9;47
20221212;148;16;33;51;54;68;86;42;82
20221213;149;32;40;51;61;75;76;72;21
20221215;150;3;4;30;32;39;65;43;66
20221217;151;8;21;24;54;68;70;12;76
20221220;152;7;12;23;73;81;87;35;8
20221222;153;9;25;34;39;54;64;87;22
20221224;154;9;23;29;69;72;81;8;79
20221227;155;3;37;39;44;68;72;11;21
20221229;156;2;19;34;37;46;58;62;69
20221231;157;9;15;30;37;44;72;75;21
20230103;1;8;10;30;34;51;71;20;27
20230105;2;5;9;13;15;50;64;68;43
20230107;3;17;41;54;60;67;86;51;12
20230110;4;21;24;31;32;56;83;78;40
20230112;5;9;10;22;41;44;85;5;51
20230114;6;37;44;52;58;74;78;65;67
20230117;7;9;10;14;40;60;68;21;9
20230119;8;29;47;57;59;67;87;6;48
20230121;9;22;61;66;72;80;82;67;79
20230124;10;3;7;20;55;75;80;88;44
20230126;11;6;25;34;60;79;86;48;81
20230128;12;19;23;53;58;61;82;73;52
20230131;13;13;15;23;39;41;46;30;42
20230202;14;3;14;19;28;70;80;83;7
20230204;15;3;42;46;49;68;81;4;81
20230207;16;24;54;58;65;81;89;63;20
20230209;17;3;10;25;44;57;90;53;68
20230211;18;4;24;25;28;31;68;79;65
20230214;19;19;22;67;71;79;85;23;13
20230216;20;1;38;47;52;56;66;72;23
20230218;21;22;46;52;57;65;72;31;2
20230221;22;7;31;44;63;80;83;87;77
20230223;23;6;29;34;52;58;68;59;12
20230225;24;6;42;52;72;85;89;56;28
20230228;25;7;16;47;49;50;73;45;41
20230302;26;9;24;28;37;44;81;51;72
20230304;27;4;22;24;29;49;58;69;8
20230307;28;2;38;49;64;81;89;43;10
20230309;29;1;19;30;41;42;77;61;32
20230311;30;23;42;46;54;58;79;40;69
20230314;31;8;20;25;64;87;88;75;34
20230316;32;25;28;36;45;48;86;50;51
20230318;33;35;37;43;47;69;73;16;47
20230321;34;10;15;16;30;36;71;59;63
20230323;35;6;8;41;42;66;80;79;11
20230325;36;4;15;26;27;72;82;89;12
20230328;37;42;52;62;64;76;79;55;56
20230330;38;21;29;30;43;46;63;77;54
20230401;39;5;22;36;47;73;75;51;78
20230404;40;17;20;54;62;69;88;39;36
20230406;41;4;28;30;42;45;50;27;55
20230408;42;17;25;32;38;43;48;67;73
20230411;43;9;40;55;60;69;70;34;70
20230413;44;2;11;42;73;76;90;55;35
20230415;45;7;22;36;52;79;86;38;51
20230418;46;5;36;62;64;66;67;53;2
20230420;47;4;5;7;21;45;52;77;37
20230422;48;6;18;22;25;26;47;60;61
20230424;49;3;7;46;69;75;82;81;28
20230427;50;7;10;62;63;77;86;5;44
20230429;51;21;43;55;56;73;89;13;2
20230502;52;17;43;60;71;86;88;16;49
20230504;53;6;9;23;57;62;72;16;22
20230506;54;10;25;40;46;47;74;7;31
20230509;55;18;25;41;44;60;78;36;72
20230511;56;1;6;35;48;62;65;43;83
20230513;57;3;31;35;57;82;84;68;16
20230516;58;20;42;52;67;72;77;82;3
20230518;59;5;16;35;63;69;77;29;3
20230520;60;18;32;37;46;64;70;30;44
20230523;61;13;23;26;27;50;63;71;1
20230525;62;20;22;33;38;40;51;44;76
20230527;63;12;41;64;78;79;88;58;86
20230530;64;10;22;37;55;76;87;60;43
20230601;65;2;37;64;83;89;90;34;23
20230603;66;27;39;56;58;63;64;55;38
20230606;67;17;26;51;54;61;62;73;8
20230608;68;3;8;58;66;82;87;69;55
20230610;69;8;30;33;40;64;78;42;59
20230613;70;6;37;53;54;72;84;74;84
20230615;71;4;9;21;24;52;71;8;58
20230617;72;12;18;26;40;53;63;54;58
20230620;73;7;42;56;69;74;76;45;4
20230622;74;21;30;38;65;67;90;77;7
20230624;75;1;21;32;35;59;86;38;6
20230627;76;31;46;57;70;71;80;75;8
20230629;77;1;27;38;41;79;81;39;29
20230701;78;17;39;41;43;87;89;33;44
20230704;79;11;23;50;68;89;90;41;32
20230706;80;5;17;27;38;53;57;30;16
20230707;81;1;13;23;73;83;85;79;3
20230708;82;8;18;20;28;41;56;58;55
20230711;83;39;41;58;64;71;77;9;74
20230713;84;20;38;49;50;53;64;72;62
20230714;85;38;41;43;55;61;71;59;75
20230715;86;40;45;51;52;56;78;30;5
20230718;87;22;45;49;52;60;65;23;26
20230720;88;14;41;47;62;65;88;39;37
20230721;89;13;38;52;56;73;90;7;24
20230722;90;2;37;50;65;68;90;67;60
20230725;91;6;30;48;69;71;74;62;22
20230727;92;18;39;48;50;57;83;38;55
20230728;93;1;23;33;50;55;78;45;82
20230729;94;27;39;58;60;68;85;45;82
20230801;95;11;32;36;40;54;63;78;57
20230803;96;4;6;9;33;65;73;48;12
20230804;97;5;21;57;71;72;84;66;11
20230805;98;7;9;17;18;47;81;61;20
20230808;99;3;4;5;71;81;82;64;10
20230810;100;9;21;43;49;53;86;68;62
20230811;101;31;45;46;52;69;83;76;34
20230812;102;2;40;48;78;81;90;55;14
20230814;103;6;28;46;64;77;82;20;15
20230817;104;10;12;14;53;63;71;41;41
20230818;105;5;13;41;58;70;73;1;28
20230819;106;5;6;18;23;49;61;22;82
20230822;107;32;45;47;61;67;75;6;83
20230824;108;3;34;54;67;71;77;2;49
20230825;109;4;12;41;57;77;78;40;3
20230826;110;8;11;23;59;73;75;14;11
20230829;111;52;53;56;69;82;90;6;50
20230831;112;9;15;61;66;72;73;2;79
20230901;113;18;53;57;67;75;80;77;39
20230902;114;7;14;15;49;86;90;82;19
20230905;115;14;19;20;26;33;65;15;36
20230907;116;2;15;34;40;57;89;88;73
20230908;117;13;30;42;58;80;86;33;72
20230909;118;6;17;28;43;46;76;61;84
20230912;119;26;28;41;47;81;84;70;70
20230914;120;23;29;41;55;76;79;11;5
20230915;121;5;12;42;51;55;80;35;60
20230916;122;23;27;53;55;74;86;79;65
20230919;123;9;11;41;52;86;89;36;9
20230921;124;4;21;29;31;45;59;42;2
20230922;125;3;58;67;69;70;84;5;11
20230923;126;22;27;38;51;80;82;24;31
20230926;127;41;43;45;60;66;78;30;75
20230928;128;9;25;40;58;85;86;11;34
20230929;129;6;35;48;53;81;86;47;71
20230930;130;17;25;64;66;74;76;49;78
20231003;131;12;13;20;54;67;84;66;77
20231005;132;20;22;39;65;69;71;38;53
20231006;133;33;36;48;62;82;90;8;61
20231007;134;12;35;37;42;55;58;63;13
20231010;135;1;39;45;49;87;88;30;41
20231012;136;5;7;10;14;20;36;54;11
20231013;137;24;29;40;55;56;77;49;79
20231014;138;4;6;52;79;81;83;45;53
20231017;139;16;28;39;40;63;85;12;33
20231019;140;10;18;45;55;66;70;75;53
20231020;141;14;21;24;49;71;81;5;17
20231021;142;23;35;37;58;61;73;50;13
20231024;143;8;18;41;54;75;79;42;8
20231026;144;11;19;28;34;38;45;1;31
20231027;145;23;40;49;57;68;69;56;56
20231028;146;4;9;25;30;57;66;79;77
20231031;147;3;42;54;69;73;80;68;29
20231102;148;17;29;40;56;60;80;33;2
20231103;149;52;64;68;76;84;87;14;6
20231104;150;16;52;59;63;84;90;32;55
20231107;151;10;30;36;64;69;76;68;88
20231109;152;14;68;70;84;85;87;45;16
20231110;153;7;45;58;62;69;76;66;37
20231111;154;16;22;23;25;62;82;5;11
20231114;155;35;38;39;51;74;80;4;20
20231116;156;9;10;19;40;52;56;50;42
20231117;157;14;23;63;70;75;89;59;83
20231118;158;5;51;52;60;62;80;22;23
20231121;159;30;59;61;86;88;90;43;77
20231123;160;1;37;61;68;71;83;52;25
20231124;161;4;13;28;30;47;59;61;56
20231125;162;11;27;28;55;58;73;49;12
20231128;163;6;14;49;52;67;68;80;25
20231130;164;27;38;41;81;84;86;49;69
20231201;165;11;22;33;44;65;66;87;17
20231202;166;19;24;29;53;74;83;70;40
20231205;167;4;6;16;39;41;44;23;78
20231207;168;5;19;42;44;68;84;72;38
20231209;169;3;20;27;41;59;82;24;31
20231211;170;1;41;46;50;84;89;37;19
20231212;171;4;27;47;57;59;89;7;4
20231214;172;22;28;37;39;53;86;78;70
20231215;173;52;63;67;71;83;89;23;46
20231216;174;13;22;23;42;47;87;67;69
20231218;175;3;4;14;15;65;85;33;43
20231219;176;20;26;30;33;54;83;89;64
20231221;177;19;32;38;62;77;79;90;83
20231222;178;1;8;46;57;73;79;67;32
20231223;179;8;10;49;57;79;81;36;65
20231228;180;15;36;57;58;79;86;35;47
20231229;181;13;46;47;67;68;90;55;40
20231230;182;23;43;45;53;66;69;4;59
20240102;1;2;9;16;35;46;63;49;5
20240104;2;7;9;29;51;60;70;59;41
20240108;3;20;28;42;48;51;62;72;47
20240109;4;10;19;23;39;40;83;73;13
20240111;5;45;56;59;69;73;77;7;81
20240112;6;11;23;25;72;78;84;20;40
20240113;7;4;43;45;55;56;60;5;55
20240116;8;21;39;51;59;68;86;63;48
20240118;9;14;26;36;60;62;84;73;68
20240119;10;21;22;28;50;55;68;38;35
20240120;11;2;19;56;58;63;71;22;14
20240123;12;11;15;16;42;48;52;1;16
20240125;13;27;29;30;53;54;86;34;57
20240126;14;24;32;36;47;50;78;62;72
20240127;15;17;33;38;43;49;80;69;30
20240130;16;5;10;76;82;83;89;25;49
20240201;17;3;44;74;81;87;89;85;66
20240202;18;2;35;38;44;68;83;50;73
20240203;19;6;10;12;34;66;77;19;58
20240206;20;26;34;39;46;54;89;13;11
20240208;21;2;4;24;62;73;75;1;49
20240209;22;6;22;29;42;48;66;56;81
20240210;23;43;62;72;73;85;86;58;17
20240213;24;27;34;37;42;53;76;60;55
20240215;25;34;38;61;71;74;83;80;79
20240216;26;20;30;37;83;88;89;77;66
20240217;27;3;11;25;34;46;64;53;75
20240220;28;5;30;36;43;48;78;79;51
20240222;29;29;30;43;44;75;87;1;85
20240223;30;38;54;57;66;74;88;75;57
20240224;31;41;43;46;47;63;87;30;44
20240227;32;27;33;41;73;79;90;34;39
20240229;33;13;28;36;41;79;88;30;32
20240301;34;5;16;44;61;80;90;25;16
20240302;35;26;50;51;55;85;87;14;19
20240305;36;16;43;53;79;80;82;74;61
20240307;37;3;13;24;60;70;75;71;30
20240308;38;9;16;23;50;53;79;55;84
20240309;39;10;30;36;49;55;62;32;66
20240312;40;7;25;46;67;69;86;23;77
20240314;41;14;23;51;55;68;76;77;86
20240315;42;5;6;7;50;72;74;82;26
20240316;43;12;38;45;66;70;73;58;85
20240319;44;4;19;58;60;67;82;48;29
20240321;45;2;8;17;73;77;84;4;84
20240322;46;13;16;59;66;77;79;82;75
20240323;47;32;34;57;58;67;79;61;66
20240326;48;2;24;43;74;81;85;63;40
20240328;49;5;9;22;69;74;84;80;83
20240329;50;20;30;32;38;61;67;60;6
20240330;51;8;25;28;45;54;66;89;28
20240402;52;28;39;40;44;72;76;52;52
20240404;53;8;33;36;41;51;68;71;8
20240405;54;23;40;42;60;62;63;26;80
20240406;55;14;33;53;54;64;78;39;85
20240409;56;15;23;31;45;51;58;60;64
20240411;57;8;31;67;77;81;86;10;62
20240412;58;10;23;47;49;84;85;5;24
20240413;59;1;6;7;11;79;88;15;26
20240416;60;1;3;11;53;75;81;61;26
20240418;61;15;27;42;53;65;85;88;49
20240419;62;9;18;65;70;75;87;53;81
20240420;63;26;34;40;53;60;68;82;19
20240423;64;8;12;20;24;45;73;4;3
20240426;65;9;13;51;61;81;83;24;59
20240427;66;24;27;41;54;62;63;37;37
20240429;67;17;27;44;50;66;85;3;32
20240430;68;6;7;11;20;33;81;74;8
20240502;69;14;43;54;69;80;90;1;57
20240503;70;17;23;43;48;52;66;88;3
20240504;71;5;18;22;34;52;66;33;46
20240507;72;21;23;30;45;68;85;53;89
20240509;73;23;36;38;62;75;81;82;62
20240510;74;6;20;40;55;71;80;12;75
20240511;75;21;29;34;36;46;51;41;60
20240514;76;11;27;39;43;61;85;52;43
20240516;77;10;11;27;31;66;83;25;57
20240517;78;13;14;41;53;60;65;5;45
20240518;79;2;20;31;48;58;59;46;30
20240521;80;3;28;49;72;83;84;5;17
20240523;81;4;10;19;50;71;83;27;11
20240524;82;2;36;39;50;59;64;19;3
20240525;83;2;10;28;37;56;75;41;58
20240528;84;19;41;67;76;82;85;23;10
20240530;85;10;14;16;40;50;55;4;31
20240531;86;14;20;24;49;83;84;62;45
20240601;87;4;13;47;75;80;82;83;22
20240604;88;4;18;28;41;61;75;17;72
20240606;89;43;44;45;50;67;76;69;9
20240607;90;39;51;52;58;72;84;11;37
20240608;91;6;8;14;15;59;79;66;2
20240611;92;14;27;34;47;73;88;52;52
20240613;93;5;22;47;54;63;84;85;82
20240614;94;15;60;82;85;86;87;45;42
20240615;95;6;16;22;69;73;78;67;38
20240618;96;20;32;49;50;51;58;44;59
20240620;97;19;31;39;60;72;80;5;49
20240621;98;21;23;28;59;79;82;74;81
20240622;99;3;25;57;69;71;87;48;62
20240625;100;3;18;49;63;68;82;78;51
20240627;101;13;28;63;76;80;85;21;54
20240628;102;21;26;33;34;45;86;28;80
20240629;103;11;18;25;26;54;84;17;69
20240702;104;4;7;39;71;79;89;1;11
20240704;105;15;25;42;53;56;73;60;61
20240705;106;10;21;23;26;35;50;87;76
20240706;107;18;24;26;33;34;47;35;30
20240709;108;8;26;32;34;53;58;25;78
20240711;109;10;31;40;59;80;85;13;48
20240712;110;43;54;60;70;75;89;30;20
20240713;111;6;9;54;63;64;68;43;84
20240716;112;3;18;26;54;61;72;85;30
20240718;113;13;23;35;36;57;64;47;5
20240719;114;13;20;39;48;74;89;47;50
20240720;115;45;48;50;57;70;71;80;52
20240723;116;24;59;63;64;82;90;62;24
20240725;117;2;21;23;56;69;87;52;42
20240726;118;1;14;21;35;64;85;70;5
20240727;119;13;14;25;34;59;84;71;17
20240730;120;11;13;22;34;54;77;35;72
20240801;121;33;39;78;79;83;84;60;88
20240802;122;34;42;69;76;81;85;36;49
20240803;123;6;37;69;73;79;88;4;7
20240806;124;4;11;85;86;87;88;38;2
20240808;125;3;16;17;54;61;90;4;21
20240809;126;23;40;60;79;80;87;50;69
20240810;127;13;14;49;55;71;77;62;32
20240813;128;41;43;55;65;80;85;76;74
20240816;129;1;6;13;20;73;85;11;73
20240817;130;6;22;43;60;66;73;31;31
20240819;131;4;7;15;24;36;78;65;85
20240820;132;17;23;45;57;64;89;15;31
20240822;133;17;18;24;34;57;82;68;21
20240823;134;5;7;59;70;72;73;33;4
20240824;135;17;28;63;72;75;81;79;51
20240827;136;12;23;36;42;50;71;80;40
20240829;137;5;23;46;52;60;80;79;54
20240830;138;7;34;47;52;74;86;78;7
20240831;139;1;20;27;41;60;77;7;43
20240903;140;6;38;55;71;80;85;23;24
20240905;141;4;5;29;32;69;89;15;46
20240906;142;2;26;37;38;69;85;66;10
20240907;143;1;16;64;70;72;82;34;86
20240910;144;9;11;27;53;63;78;8;88
20240912;145;29;35;65;67;70;80;10;79
20240913;146;2;12;16;18;59;61;56;4
20240914;147;1;31;55;65;76;88;52;34
20240917;148;17;28;62;64;74;84;88;90
20240919;149;3;13;44;45;56;61;33;34
20240920;150;14;22;42;44;47;79;85;29
20240921;151;8;33;35;39;78;83;52;72
20240924;152;2;25;27;50;88;90;19;86
20240926;153;2;13;14;41;52;79;84;12
20240927;154;4;14;42;46;53;60;31;85
20240928;155;4;8;28;33;34;57;27;88
20241001;156;57;60;68;70;80;83;25;64
20241003;157;26;27;40;51;67;86;4;82
20241004;158;5;43;57;58;72;87;3;72
20241005;159;13;41;47;58;81;84;4;81
20241008;160;6;21;25;59;63;68;8;70
20241010;161;6;48;64;80;87;89;43;82
20241011;162;31;34;49;66;75;88;1;16
20241012;163;11;13;16;22;42;51;37;47
20241015;164;1;23;44;45;47;60;14;19
20241017;165;2;23;24;42;46;88;61;27
20241018;166;19;39;41;42;45;88;40;27
20241019;167;14;67;73;86;89;90;8;77
20241022;168;13;23;37;43;64;79;84;20
20241024;169;7;21;23;28;29;31;20;66
20241025;170;5;11;39;41;62;80;78;33
20241026;171;14;31;40;42;52;65;15;69
20241029;172;6;17;26;35;57;64;14;23
20241031;173;18;40;55;58;71;85;46;46
20241102;174;3;19;27;43;61;77;80;41
20241104;175;27;32;33;44;60;89;52;5
20241105;176;32;43;53;75;77;88;81;79
20241107;177;1;50;68;75;81;84;8;25
20241108;178;13;22;49;58;64;75;20;16
20241109;179;26;36;43;51;63;89;21;57
20241112;180;13;28;29;32;39;81;82;36
20241114;181;36;46;69;70;73;82;26;84
20241115;182;2;4;5;42;53;83;23;43
20241116;183;52;56;66;68;70;73;90;12
20241119;184;20;34;36;68;72;74;44;49
20241121;185;4;7;20;24;41;67;85;35
20241122;186;6;26;51;53;78;89;79;70
20241123;187;15;22;29;32;35;67;87;23
20241126;188;13;23;26;31;46;89;43;24
20241128;189;3;8;37;54;74;84;26;26
20241129;190;21;33;44;55;75;80;53;64
20241130;191;27;48;50;69;74;81;13;36
20241203;192;4;17;37;56;73;90;46;11
20241205;193;4;42;45;72;82;84;25;10
20241206;194;21;48;60;61;67;71;86;22
20241207;195;21;30;55;60;70;75;13;25
20241210;196;5;54;68;69;71;81;30;56
20241212;197;20;61;76;78;85;87;44;72
20241213;198;16;42;54;55;65;83;27;90
20241214;199;34;50;52;59;70;83;13;74
20241217;200;3;25;49;58;64;66;46;77
20241219;201;2;4;8;20;22;76;72;60
20241220;202;17;35;43;56;63;85;23;74
20241221;203;23;25;53;55;71;79;63;6
20241224;204;6;18;27;30;52;56;83;80
20241227;205;9;13;15;43;53;68;58;69
20241228;206;28;29;46;68;81;88;79;40
20241230;207;3;8;18;25;58;75;12;54
20241231;208;5;16;23;40;47;80;17;13
20250102;1;19;21;29;74;77;88;7;56
20250103;2;13;30;43;49;74;89;4;32
20250104;3;31;42;43;63;83;86;37;86
20250107;4;7;10;11;29;32;87;34;51
20250109;5;15;33;40;71;74;82;89;15
20250110;6;19;25;33;49;57;72;46;38
20250111;7;5;6;11;22;35;85;30;53
20250114;8;4;15;17;40;64;75;23;80
20250116;9;31;38;59;69;72;88;64;73
20250117;10;8;12;15;40;66;89;7;15
20250118;11;2;10;21;29;46;70;31;59
20250121;12;3;18;41;58;62;73;64;20
20250123;13;1;7;34;46;69;80;64;42
20250124;14;14;20;46;62;84;85;1;78
20250125;15;5;6;24;44;45;76;58;64
20250128;16;48;63;65;72;77;82;85;47
20250130;17;23;32;34;35;41;47;65;2
20250131;18;7;18;22;25;30;72;76;51
20250201;19;21;25;26;45;49;59;68;82
20250204;20;10;29;41;77;83;85;56;80
20250206;21;4;11;41;72;83;86;30;30
20250207;22;16;29;30;47;52;84;10;17
20250208;23;29;46;57;66;72;86;64;40
20250211;24;9;39;55;75;79;86;2;56
20250213;25;31;41;62;64;74;87;84;68
20250214;26;18;30;40;52;60;71;65;70
20250215;27;22;37;48;72;77;85;39;72
20250218;28;3;5;7;54;76;85;89;64
20250220;29;6;19;27;63;71;77;13;70
20250221;30;21;45;48;72;79;87;73;89
20250222;31;35;40;48;49;52;89;24;32
20250225;32;6;58;68;83;89;90;73;50
20250227;33;29;31;33;42;51;72;34;62
20250228;34;4;12;37;59;63;90;70;15
20250301;35;1;12;33;40;41;83;6;67
20250304;36;9;28;52;63;77;79;11;39
20250306;37;1;10;18;19;32;36;20;53
20250307;38;11;24;25;30;43;47;28;5
20250308;39;11;16;35;59;65;87;9;52
20250311;40;22;27;48;55;58;90;63;11
20250313;41;7;25;33;51;58;70;79;31
20250314;42;3;10;20;36;37;49;21;14
20250315;43;2;8;50;77;79;82;85;36
20250318;44;1;64;73;79;80;86;39;68
20250320;45;36;40;49;54;66;83;14;44
20250321;46;7;15;48;49;65;80;67;39
20250322;47;15;28;45;46;66;76;44;43
20250325;48;27;29;31;60;74;88;71;23
20250327;49;28;35;43;45;64;85;13;35
20250328;50;17;26;46;56;71;90;6;22
20250329;51;9;45;66;68;71;85;31;44
20250401;52;4;19;32;47;74;81;10;90
20250403;53;29;30;31;32;35;57;26;6
20250404;54;42;51;71;77;80;82;72;5
20250405;55;5;8;22;41;60;73;18;54
20250408;56;11;20;34;46;48;90;68;81
20250410;57;11;24;32;40;44;85;27;36
20250411;58;9;20;43;49;52;57;61;8
20250412;59;16;38;60;79;83;85;27;36
20250415;60;40;57;60;66;80;81;36;9
20250417;61;8;20;40;44;46;49;63;48
20250418;62;4;11;18;23;83;88;89;70
20250419;63;8;32;51;54;62;69;18;30
20250422;64;10;59;61;62;68;74;43;31
20250424;65;13;14;20;31;55;60;89;25
20250426;66;10;21;24;48;63;67;34;45
20250428;67;13;18;30;44;51;81;38;52
20250429;68;20;31;39;59;60;82;57;10
20250502;69;54;55;67;76;80;85;82;52
20250503;70;1;4;22;44;70;72;18;53
20250505;71;6;18;37;63;72;73;36;28
20250506;72;2;35;51;58;63;88;8;51
20250508;73;1;23;27;54;67;83;65;30
20250509;74;3;47;51;77;85;88;52;39
20250510;75;8;14;17;39;49;55;2;80
20250513;76;2;15;25;62;76;81;89;5
20250515;77;10;28;35;37;73;75;42;27
20250516;78;15;21;30;31;42;80;69;42
20250517;79;10;11;19;22;39;88;29;73
20250520;80;5;19;21;30;33;48;74;39
20250522;81;2;19;23;46;49;72;71;88
20250523;82;2;8;10;18;20;79;13;10
20250524;83;1;3;5;53;62;71;32;53
20250527;84;7;10;35;40;53;75;60;33
20250529;85;27;32;51;67;71;81;35;90
20250530;86;31;34;62;63;82;87;81;77
20250531;87;4;8;47;48;63;90;77;12
20250603;88;1;6;31;37;47;71;26;72
20250605;89;10;17;19;21;63;74;4;60
20250606;90;2;10;33;55;73;74;80;49
20250607;91;5;28;46;49;52;76;83;21
20250610;92;14;45;55;62;76;80;51;17
20250612;93;21;61;69;76;79;81;77;76
20250613;94;8;23;25;48;78;83;80;39
20250614;95;10;18;44;56;73;86;48;55
20250617;96;17;48;52;58;86;87;74;49
20250619;97;4;6;11;31;69;73;9;26
20250620;98;34;67;76;77;86;90;40;43
20250621;99;4;17;28;36;42;50;5;71
20250624;100;2;23;32;36;63;64;37;76
20250626;101;10;56;69;70;79;81;53;45
20250627;102;25;49;54;55;62;73;4;86
20250628;103;10;35;38;41;51;56;3;51
20250701;104;6;9;25;28;75;79;83;20
20250703;105;37;42;49;53;57;65;62;8
20250704;106;26;45;58;65;70;82;27;73
20250705;107;16;46;61;71;75;85;64;12
20250708;108;1;33;40;61;64;73;15;48
20250710;109;5;15;20;32;65;75;12;24
20250711;110;1;31;40;62;64;74;81;11
20250712;111;16;24;25;43;64;78;54;12
20250715;112;4;10;14;48;58;83;47;63
20250717;113;16;35;37;42;43;68;58;8
20250718;114;20;37;50;70;75;88;46;16
20250719;115;5;43;46;56;58;90;23;54
20250722;116;3;8;44;52;69;85;11;67
20250724;117;10;14;37;66;88;89;34;88
20250725;118;15;16;17;36;62;83;7;31
20250726;119;1;9;19;49;53;88;77;44
20250729;120;13;27;31;60;65;75;39;69
20250731;121;14;55;56;57;58;66;46;65
20250801;122;9;25;27;36;54;86;45;31
20250802;123;42;54;66;78;80;88;60;14
20250805;124;6;31;57;60;65;80;12;71
20250807;125;43;55;70;79;83;85;24;4
20250808;126;8;34;38;53;78;79;58;37
20250809;127;6;18;40;41;45;88;37;12
20250812;128;7;11;26;59;82;83;24;54
20250814;129;3;19;30;47;49;75;35;14
20250816;130;6;15;25;31;72;79;54;31
20250818;131;5;19;58;59;83;87;10;32
20250819;132;5;10;51;62;77;81;74;58
20250821;133;49;56;57;61;62;86;16;53
20250822;134;7;25;38;39;66;69;17;24
20250823;135;5;29;40;47;52;80;4;61
20250826;136;12;23;25;34;41;63;21;20
20250828;137;56;59;64;67;72;78;51;86
20250829;138;18;22;32;34;52;56;62;45
20250830;139;30;43;46;62;73;90;35;73
20250902;140;16;19;28;44;60;78;9;73
20250904;141;5;16;38;45;63;83;46;83
20250905;142;9;39;47;52;71;82;83;52
20250906;143;59;73;75;76;78;88;57;5
20250909;144;34;47;71;73;82;90;49;52
20250911;145;3;9;11;35;65;74;26;29
20250912;146;29;33;44;52;63;65;19;84
20250913;147;26;28;31;35;37;65;30;5
20250916;148;1;12;26;44;51;90;72;45
20250918;149;12;38;46;49;60;65;2;46
20250919;150;11;16;23;31;49;78;63;13
20250920;151;2;12;15;31;63;71;50;57
20250923;152;1;6;20;43;59;73;58;89
20250925;153;11;19;36;41;65;82;17;15
20250926;154;2;17;23;39;58;82;75;6
20250927;155;9;10;21;25;27;68;54;6
20250930;156;5;8;71;74;77;81;34;70
20251002;157;1;21;39;42;52;89;6;17
20251003;158;2;4;69;75;79;88;12;7
20251004;159;48;54;61;68;79;87;80;45
20251007;160;17;21;40;56;61;79;87;85
20251009;161;38;49;50;54;78;82;90;43
20251010;162;20;38;42;61;81;82;16;80
20251011;163;28;51;55;62;80;90;68;90
20251014;164;9;31;44;59;70;86;37;81
20251016;165;7;44;45;58;76;80;77;13
20251017;166;2;9;10;32;66;77;72;44
20251018;167;12;13;19;26;75;82;50;54
20251021;168;4;9;14;33;36;77;66;15
20251023;169;7;29;42;62;68;73;26;21
20251024;170;5;12;23;31;84;90;68;77
20251025;171;16;18;33;53;58;89;81;59
20251028;172;8;25;40;54;58;63;50;63
20251030;173;15;30;37;39;56;74;43;47
20251031;174;8;30;32;61;67;85;22;9
20251103;175;30;56;80;81;85;87;67;2
20251104;176;5;18;28;38;44;76;23;89
20251106;177;9;48;51;53;73;88;19;43
20251107;178;5;24;32;67;82;88;43;89
20251108;179;17;18;19;33;35;62;80;58
20251111;180;3;37;42;59;63;84;49;64
20251113;181;7;9;17;54;73;90;89;3
20251114;182;26;38;43;46;72;73;45;45
20251115;183;20;23;40;51;55;85;5;80
20251118;184;18;40;54;83;85;89;4;57
20251120;185;5;9;15;17;48;74;65;75
20251121;186;12;14;18;53;84;86;72;35
20251122;187;2;8;29;47;59;65;86;26
20251125;188;18;20;21;23;40;43;52;10
20251127;189;9;28;43;50;61;88;83;62
20251128;190;1;12;20;21;42;58;84;34
20251129;191;8;16;29;61;65;69;17;85
20251202;192;5;17;28;59;70;90;27;66
20251204;193;12;30;45;48;59;60;40;90
20251205;194;10;19;29;30;56;71;76;13
20251206;195;1;38;42;78;82;84;24;71
20251209;196;8;31;51;65;78;79;26;77
20251211;197;14;44;72;81;85;86;80;47
20251212;198;7;21;35;38;64;80;29;87
20251213;199;2;5;7;36;58;64;14;62
20251216;200;2;18;24;35;41;84;44;20
20251218;201;7;28;63;69;73;77;64;14
20251219;202;16;52;60;75;81;88;40;49
20251220;203;11;24;42;50;89;90;36;44
20251222;204;2;14;28;36;78;85;17;11
20251223;205;16;18;22;24;34;80;62;53
20251227;206;8;19;20;41;74;84;45;74
20251229;207;36;38;45;61;79;83;12;52
20251230;208;6;9;17;20;60;67;1;73
20260102;1;29;33;47;56;69;89;16;7
20260103;2;16;30;32;43;68;76;36;58
20260105;3;11;13;17;56;80;84;41;13
20260108;4;35;42;45;53;55;88;66;52
20260109;5;31;33;61;68;71;72;87;18
20260110;6;11;19;24;66;82;88;58;48
20260112;7;1;11;40;73;75;81;70;22
20260113;8;20;29;56;68;72;74;35;50
20260115;9;44;49;60;69;73;85;36;1
20260116;10;14;21;24;52;80;86;57;14
20260117;11;3;7;41;56;65;83;79;82
20260120;12;8;13;25;60;72;74;78;34
20260122;13;2;30;52;56;57;78;59;25
20260123;14;2;6;11;19;88;90;69;52
20260124;15;22;37;55;61;68;71;21;18
20260127;16;11;19;27;31;54;84;38;37
20260129;17;29;30;34;56;66;80;88;11
20260130;18;32;33;39;40;52;86;63;16
20260131;19;2;6;7;33;37;80;11;80
20260203;20;11;16;17;41;42;46;70;57
20260205;21;6;8;26;27;57;90;41;30
20260206;22;6;8;17;31;36;75;90;82
20260207;23;4;7;12;30;69;81;41;67
20260210;24;1;15;29;39;63;83;73;21
20260212;25;5;11;35;52;80;85;66;29
20260213;26;1;52;57;71;76;83;37;3
20260214;27;5;23;40;47;80;85;6;47
20260217;28;16;21;42;45;52;88;58;21
20260219;29;20;39;40;43;76;90;53;53
20260220;30;30;34;41;42;49;83;64;77
20260221;31;49;58;60;66;68;81;75;58
20260224;32;4;18;23;26;45;87;82;29
20260226;33;18;30;36;52;67;72;69;47
20260227;34;10;14;49;55;71;79;80;36
20260228;35;14;17;33;63;64;80;15;27
20260303;36;4;16;42;48;56;68;26;83
20260305;37;7;23;39;62;63;78;22;35
20260306;38;4;17;22;37;50;88;20;2
20260307;39;3;12;18;40;45;69;5;49
20260310;40;8;34;42;47;55;83;4;42
20260312;41;8;24;25;62;63;64;43;54
20260313;42;3;11;13;20;53;61;88;43
20260314;43;3;6;33;63;88;89;18;87
20260317;44;2;13;16;41;53;56;60;6
20260319;45;19;39;45;54;62;89;42;45
20260320;46;14;32;45;51;54;87;61;50
20260321;47;9;26;33;49;51;55;50;4
20260324;48;6;54;60;64;74;87;10;65
20260326;49;24;26;39;69;77;80;82;3
20260327;50;6;22;27;43;58;64;10;74
20260328;51;9;45;62;67;68;81;36;54
20260331;52;1;3;39;46;47;61;25;67
20260402;53;18;24;25;32;36;63;40;80
20260403;54;28;52;53;64;66;72;44;6
20260404;55;8;21;29;46;60;81;42;80
20260407;56;10;16;18;47;50;59;7;60
20260409;57;2;30;38;63;74;84;19;82
20260410;58;3;10;13;17;58;90;32;7
20260411;59;19;28;38;48;77;85;59;57
20260414;60;3;5;20;27;35;66;17;6
20260416;61;9;11;12;38;44;54;60;39
20260417;62;13;27;45;53;57;84;34;63
20260418;63;11;22;28;33;68;77;9;70
20260421;64;18;19;40;43;56;77;6;65
20260423;65;18;24;28;35;56;58;72;57
20260424;66;6;13;33;37;68;82;56;20
20260427;67;40;57;62;64;85;87;23;56
20260428;68;29;42;43;47;57;60;27;30
20260430;69;6;7;15;44;52;58;40;16
20260502;70;7;58;60;79;84;86;2;19
20260504;71;3;14;31;46;61;63;75;24
20260505;72;24;34;45;55;81;87;23;52
20260507;73;1;34;48;66;69;73;75;58
20260508;74;8;16;41;47;51;90;82;69
20260509;75;9;27;30;42;43;62;11;11
20260512;76;2;28;31;57;58;59;5;2
20260514;77;31;56;72;74;84;85;18;34
20260515;78;5;13;17;28;47;68;42;19
20260516;79;7;12;60;69;89;90;59;36
20260519;80;49;57;61;73;79;86;8;36
20260521;81;1;38;57;58;64;81;28;50
20260522;82;5;17;65;71;83;87;50;86
20260523;83;14;29;34;57;59;69;20;16
20260526;84;7;10;35;41;45;61;2;45
20260528;85;22;33;36;74;78;86;81;34
20260529;86;9;42;44;46;85;90;56;20
20260530;87;8;13;21;39;63;71;72;56
20260604;88;12;33;43;55;74;75;70;59
20260605;89;9;25;51;63;73;89;90;40
20260606;90;2;7;29;68;72;89;57;38
20260608;91;28;33;51;59;82;87;88;87
20260609;92;18;36;47;55;73;80;90;54
20260611;93;7;21;22;40;44;87;53;83
20260612;94;18;24;42;68;75;83;26;20
20260613;95;13;23;34;68;87;90;80;54
20260616;96;4;28;33;35;66;80;48;72
20260618;97;4;26;39;43;70;87;57;57
20260619;98;14;18;25;69;81;89;11;69
20260620;99;14;59;69;71;82;89;47;3
20260623;100;1;12;17;27;66;84;61;4
20260625;101;25;27;54;72;73;76;31;80
20260626;102;1;22;30;45;73;76;64;49
20260627;103;15;19;36;47;85;90;42;62
20260630;104;1;7;51;64;78;83;13;66
20260702;105;4;17;19;23;47;59;51;82
20260703;106;22;26;30;40;68;86;72;48
20260704;107;2;37;55;62;72;76;34;75
20260707;108;3;16;30;53;55;79;84;66
20260709;109;9;17;20;31;40;79;58;47
20260710;110;2;3;12;28;63;82;76;79
20260711;111;6;7;10;47;49;61;5;62
20260714;112;8;44;49;80;85;88;30;64
20260716;113;1;15;21;46;52;67;41;76
20260717;114;7;34;45;64;65;76;46;90
20260718;115;1;28;52;62;79;86;61;31
20260721;116;13;14;15;29;38;63;24;49
20260723;117;2;12;22;34;70;74;41;8
20260724;118;20;40;53;61;74;79;11;30
20260725;119;18;19;33;34;61;85;15;59
20260728;120;1;6;9;43;54;62;87;69
20260730;121;20;47;75;76;78;89;9;89
20260731;122;2;6;10;31;39;83;66;75
20260801;123;8;11;21;24;72;88;33;11
20260804;124;49;56;58;70;76;78;29;16
20260806;125;2;11;20;33;74;83;15;19
20260807;126;1;7;29;32;60;63;68;37
20260808;127;9;12;55;61;82;85;71;31
20260811;128;8;19;38;53;66;79;90;49
20260813;129;2;7;16;29;57;84;18;1
20260814;130;9;18;20;25;53;90;49;23
20260817;131;18;24;69;71;73;82;29;41
20260818;132;10;16;24;25;39;66;70;6
20260820;133;14;18;26;51;64;71;77;49
20260821;134;12;25;27;28;39;57;42;13
20260822;135;2;16;23;31;72;85;82;14
20260825;136;15;36;62;67;69;70;32;15
20260827;137;2;27;28;50;75;84;32;40
20260828;138;4;8;27;62;70;79;60;55
20260829;139;12;17;45;59;74;77;62;62
20260901;140;42;47;59;64;67;71;88;75
